non_active,participants_boy,active,plan_name,state,ein,pn
17822,35588,17766,HEALTH REIMBURSEMENT ACCOUNT PLAN OF THE ELECTRICAL INDUSTRY,NY,562489386,513
15688,54553,38865,UNITED FOOD AND COMMERCIAL WORKERS UNIONS AND FOOD EMPLOYERS BENEFIT FUND,CA,952301788,501
12525,38727,26202,NATIONAL ELEVATOR INDUSTRY HEALTH BENEFIT PLAN,PA,232790911,501
10820,10820,0,NFL FORMER PLAYER LIFE IMPROVEMENT PLAN,NY,133077470,502
8739,14739,6000,HEALTH PROFESSIONALS AND ALLIED EMPLOYEES AFT/AFL- RETIREE MEDICAL TRUST,NJ,686254830,501
7227,7227,0,SHEET METAL WORKERS LOCAL 105 HEALTH REIMBURSEMENT PLAN,CA,330490874,501
6071,17413,11342,EASTERN ATLANTIC STATES CARPENTERS HEALTH FUND,PA,226032181,501
5085,11238,6153,TRI STATE JOINT FUND,CT,060850110,501
4539,23396,18857,N. ATLANTIC STATES CARP. HEALTH BENEFITS FUND,MA,046374357,501
4379,17019,12640,OPERATING ENGINEERS HEALTH AND WELFARE FUND,CA,956034886,501
3869,10614,6745,"PIPE FITTERS WELFARE FUND, LOCAL 597",IL,362141703,501
3652,10793,7141,ELECTRICAL INSURANCE TRUSTEES INSURANCE FUND FOR ELECTRICAL CONTRACTORS,IL,361033970,501
3372,12202,8830,FELRA AND UFCW VEBA FUND,MD,521036978,501
3075,13389,10314,OHIO OPERATING ENGINEERS HEALTH AND WELFARE PLAN,OH,314446857,501
2824,6914,4090,CLEVELAND BAKERS AND TEAMSTERS HEALTH AND WELFARE FUND,OH,340753693,501
2528,11602,9074,LOCALS 302 & 612 INTL UNION OF OPERATING ENGINEERS CONST. IND. HEALTH AND SECURITY PLAN,WA,916028570,501
2335,228415,226080,"CENTRAL STATES, SOUTHEAST & SOUTHWEST AREAS HEALTH AND WELFARE PLAN ACTIVE PLAN",IL,362154936,501
2154,2154,0,SOUTHEASTERN CARPENTERS AND MILLWRIGHTS HEALTH PLAN,TN,586066597,501
1995,1995,0,SOUTHERN CALIFORNIA PIPE TRADES PENSIONERS & SURVIVING SPOUSES HEALTH FUND,CA,274271742,501
1928,9911,7983,MASON TENDERS' DISTRICT COUNCIL WELFARE FUND,NY,135537605,501
1820,7094,5274,PIPE TRADES SERVICES MN RETIREE HEALTH FUND,MN,161657260,502
1734,3968,2234,MILWAUKEE DRIVERS HEALTH & WELFARE FUND,WI,396048358,501
1607,2136,529,NBA PLAYERS' HEALTH AND WELFARE BENEFIT PLAN,VA,201260597,501
1573,3487,1914,"IRON WORKERS LOCALS 40, 361 & 417 HEALTH FUND",NY,135622663,501
1499,3408,1909,THE TOPPING OUT FUND OF THE IRON WORKERS LOCALS 40 361 & 417,NY,133156507,501
1382,9285,7903,HARRISON ELECTRICAL WORKERS TRUST FUND,OR,936023048,501
1326,3426,2100,MID-ATLANTIC REGIONAL COUNCIL OF CARPENTERS HEALTH FUND,MD,526051383,501
1271,4417,3146,SUBURBAN TEAMSTERS OF NORTHERN ILLINOIS WELFARE FUND,IL,366158494,501
1242,2783,1541,LOCAL 443 TRANSPORTATION HEALTH SERVICE & INSURANCE PLAN,CT,060942913,501
1200,8845,7645,SEAFARERS HEALTH AND BENEFITS PLAN,MD,135557534,501
