non_active,plan_name,state,ein,pn
15706,IN/KY/OH RGNL COUNCIL OF CARPENTERS WELFARE FUND,MI,356042362,501
13971,G.M.P. - EMPLOYERS RETIREE TRUST,FL,236411794,501
8570,STEELWORKERS HEALTH AND WELFARE FUND,PA,231317409,501
7227,SHEET METAL WORKERS LOCAL 105 HEALTH REIMBURSEMENT PLAN,CA,330490874,501
7012,TEAMSTERS BENEFIT TRUST,CA,942848389,501
5976,CHICAGO & VICINITY LABORERS' DISTRICT COUNCIL RETIREE HEALTH & WELFARE PLAN,IL,465243652,501
5372,U.F.C.W. LOCAL 1529 & CONTRIB EMPLOYERS H&W,TN,620978539,501
4965,SIDNEY HILLMAN HEALTH CENTER,NY,160864443,501
4471,HEARTLAND HEALTH AND WELLNESS FUND,OH,316173363,501
4078,CARPENTERS & JOINERS WELFARE FUND,MN,416024791,501
3777,TEAMSTERS AND EMPLOYERS WELFARE TRUST OF ILLINOIS,MO,366441012,501
3728,NYSA-ILA WELFARE FUND AND PLAN,NJ,135638505,501
3372,FELRA AND UFCW VEBA FUND,MD,521036978,501
3203,INTERNAT'L UNION OF OPERATING ENGINEERS AND PIPELINE EMPLOYERS HEALTH & WELFARE FUND,IL,237134462,501
2977,OPERATING ENGINEERS' LOCAL 324 HEALTH CARE PLAN,MI,381940673,501
2881,REPUBLIC RETIREE VEBA MEDICAL PLAN,PA,020642820,501
2666,OREGON TEAMSTER EMPLOYERS TRUST,OR,936021475,501
2527,PIPE TRADES SERVICES MN WELFARE FUND,MN,410761972,501
2385,THE STEAMFITTERS INDUSTRY WELFARE FUND,NY,131545680,502
2154,SOUTHEASTERN CARPENTERS AND MILLWRIGHTS HEALTH PLAN,TN,586066597,501
