plan_name,sponsor,ein,pn,plan_year_begin,city,administrator,admin_phone,participants_boy,active,ack_id
1199SEIU NATIONAL BENEFIT FUND FOR HEALTH & HUMAN SERVICE EMPLOYEES,BOARD OF TRUSTEES OF 1199SEIU NBF HEALTH AND HUMAN SERVICE EMPLOYEES,131628401,501,2024-01-01,NEW YORK,,,156501,116828,20251015155540NAL0002589219001
BUILDING SERVICE 32BJ HEALTH FUND,BOARD OF TRUSTEES OF THE BUILDING SERVICE 32BJ HEALTH FUND,132928869,501,2024-07-01,NEW YORK,,,129391,124984,20260415123300NAL0019825121001
UNITED WELFARE FUND-WELFARE DIVISION,BOARD OF TRUSTEES OF THE UNITED WELFARE FUND,111823976,502,2024-05-01,NEW ROCHELLE,,,82662,88543,20260217124511NAL0006072752002
I.A.T.S.E. NATIONAL HEALTH & WELFARE FUND,BOARD OF TRUSTEES I.A.T.S.E. NATIONAL HEALTH & WELFARE FUND,237333434,501,2024-01-01,NEW YORK,,,37035,36112,20251009134524NAL0003618467001
HEALTH REIMBURSEMENT ACCOUNT PLAN OF THE ELECTRICAL INDUSTRY,BOARD OF TRUSTEES OF THE HEALTH REIMB ACCT FUND OF THE ELEC IND,562489386,513,2024-01-01,FLUSHING,JOINT INDUSTRY BOARD OF THE ELECTRICAL INDUSTRY,7185912000,35588,17766,20251010102552NAL0004499427001
MILA NATIONAL HEALTH PLAN,MANAGEMENT-ILA MANAGED HEALTH,133968546,501,2024-01-01,NEW YORK,BOARD OF TRUSTEES MANAGEMENT-ILA MANAGED HEALTH CARE,2127665700,34925,23890,20251007080943NAL0002304259004
AMALGAMATED NATIONAL HEALTH FUND,BD OF TRUSTEE-AMALGAMATED NATIONAL HEALTH FUND,274411485,501,2024-01-01,WHITE PLAINS,AMALGAMATED EMPLOYEE BENEFITS ADMIN,9143675000,28135,16342,20251014135815NAL0002955857001
"DISTRICT COUNCIL 37,AFSCME, AFL-CIO","NEW YORK CITY DISTRICT COUNCIL 37, AFSCME, AFL-CIO",135673101,503,2025-01-01,NEW YORK,WINSTON FINANCIAL SERVICES,7328990990,24466,24137,20260921112715NAL0005386211001
NEW YORK HOTEL TRADES COUNCIL AND HOTEL ASSOCIATION OF NYC INC HEALTH BENEFITS FUND,BOARD OF TRUSTEES NEW YORK HOTEL TRADES COUNCIL &,136126923,501,2024-01-01,NEW YORK,,,24404,23536,20251015143950NAL0002584627002
"PENSION, HOSPITALIZATION & BENEFIT PLAN OF THE ELECTRICAL INDUSTRY - WELFARE ACCOUNT","BD OF TR OF THE PENSION, HOSP & BENEFIT PL OF THE ELEC IND-WELFARE",130891045,505,2024-10-01,FLUSHING,JOINT INDUSTRY BOARD OF THE ELECTRICAL INDUSTRY,7185912000,24051,15182,20260710135710NAL0001496977001
NEW YORK STATE NURSES ASSOCIATION BENEFITS FUND,BOARD OF TRUSTEES NEW YORK STATE NURSES ASSOCIATION BENEFITS FUND,237336001,501,2024-01-01,ALBANY,,,19365,21293,20251010144834NAL0004345971001
NEW YORK CITY DISTRICT COUNCIL OF CARPENTERS WELFARE FUND,BOARD OF TRUSTEES OF NYCDCC WELFARE FUND,135615576,501,2024-07-01,NEW YORK,,,18947,11828,20260325105647NAL0004156065001
1199 SEIU GREATER NEW YORK BENEFIT FUND,BOARD OF TRUSTEES OF 1199SEIU GREATER NEW YORK BENEFIT FUND,136125570,501,2024-01-01,NEW YORK,,,18942,17005,20251015155511NAL0002703523001
1199SEIU NATIONAL BENEFIT FUND FOR HOME CARE EMPLOYEES,BOARD OF TRUSTEES OF 1199SEIU NATL BENEFIT FND FOR HOME CARE EMPLOYEE,134129368,501,2024-01-01,NEW YORK,,,18013,12975,20251020090004NAL0000420259001
INTERNATIONAL BROTHERHOOD OF TRADE UNIONS LOCAL 713 HEALTH & WELFARE FUND,BOARD OF TRUSTEES LOCAL 713 HEALTH & WEL,116490308,501,2024-01-01,CARLE PLACE,,,16340,15283,20251012205008NAL0000176403001
UFCW LOCAL 1500 WELFARE FUND,JOINT BOARD OF TRUSTEES OF UFCW LOCAL 1500 WELFARE FUND,237176373,501,2024-01-01,WESTBURY,,,13467,13208,20251013161956NAL0003654018003
NON-VESTED FORMER PLAYER WELLNESS BENEFIT PLAN,NFL PLAYER INSURANCE TRUST,133077470,503,2024-04-01,NEW YORK,NFL MANAGEMENT COUNCIL,8006354625,11278,0,20260105170522NAL0002185459001
NFL FORMER PLAYER LIFE IMPROVEMENT PLAN,NFL PLAYER INSURANCE TRUST,133077470,502,2024-04-01,NEW YORK,NFL MANAGEMENT COUNCIL,2124502000,10820,0,20260105170420NAL0007444338001
NEW YORK STATE TEAMSTERS COUNCIL HEALTH & HOSPITAL FUND,TRUSTEES OF NYS TEAMSTERS COUNCIL HEALTH & HOSPITAL FUND,150551885,501,2024-01-01,SYRACUSE,,,10626,10564,20251015120658NAL0004487217001
MASON TENDERS' DISTRICT COUNCIL WELFARE FUND,BOARD OF TRUSTEES OF MASON TENDERS DISTRICT COUNCIL WELFARE FUND,135537605,501,2024-01-01,NEW YORK,,,9911,7983,20251002135035NAL0000340019001
DIVISION 1181 ATU - NEW YORK WELFARE FUND,DIVISION 1181 ATU - NEW YORK WELFARE FUND,237255573,503,2024-01-01,VALLEY STREAM,,,9506,5581,20251015124233NAL0009283266002
UFCW LOCAL 2013 HEALTH & WELFARE FUND,BOARD OF TRUSTEES UFCW LOCAL 2013 HEALTH & WELFARE FUND,132832806,501,2024-01-01,BROOKLYN,,,9314,10825,20250728140512NAL0001651537001
SERVICE EMPLOYEES BENEFIT FUND,SERVICE EMPLOYEES BENEFIT FUND,150613682,501,2024-11-01,SYRACUSE,,,8662,8121,20260817093903NAL0013769425001
NFL DEDICATED HOSPITAL NETWORK,NFL PLAYER INSURANCE TRUST,133077470,504,2024-09-01,NEW YORK,NFL MANAGEMENT COUNCIL,2124502000,8468,0,20260406090017NAL0008931619001
UFCW LOCAL ONE ACTIVE HEALTH CARE FUND,BRD OF TTEES UFCW LOCAL ONE ACTIVE HEALTH CARE FUND,160915820,501,2024-01-01,ORISKANY,,,8165,8374,20251015144456NAL0005172225002
LOCAL 272 WELFARE FUND,LOCAL 272 WELFARE FUND,135555808,501,2024-12-01,NEW YORK,,,6834,6834,20260915165721NAL0003214480001
LOCAL 338 BENEFITS FUND,BOARD OF TRUSTEES LOCAL 338 BENEFITS FUND,136313146,502,2024-01-01,MINEOLA,,,6687,6740,20251014161401NAL0003258129001
"HEALTH & BENEFIT TRUST FUND OF THE I.U.O.E. LOCAL 94, 94A, 94B, AFL-CIO","BD OF TRUST HEALTH & BENEFIT TRUST FD OF IUOE LCL 94,94A,94B, AFL-CIO",136674743,501,2024-01-01,NEW YORK,,,6631,5332,20251003075532NAL0001935328001
EXCAVATORS UNION LOCAL 731 WELFARE FUND,EXCAVATORS UNION 731 WELFARE,131615440,501,2024-01-01,ASTORIA,,,6418,4820,20251012124508NAL0000441201002
LOCAL 804 WELFARE TRUST FUND,BOARD OF TRUSTEES LOCAL 804 WELFARE TRUST FUND,111637886,501,2024-06-01,PORT WASHINGTON,,,5724,4955,20260316113116NAL0002833954001
PAINTING INDUSTRY INSURANCE FUND,PAINTING INDUSTRY INSURANCE FUND INDUSTRY,135600369,501,2024-01-01,NEW YORK,,,5640,4871,20251007161420NAL0005039473001
TEAMSTERS LOCAL 210 AFFILIATED HEALTH & INSURANCE FUND,TEAMSTERS LOCAL 210 AFFILIATED HEALTH & INSURANCE FUND,205003549,501,2024-01-01,STATEN ISLAND,TEAMSTERS LOCAL 210 AFFILIATED HEALTH & INSUR FUND BD OF TRUSTEES,7189668200,5613,5606,20251016114321NAL0006604593001
SIDNEY HILLMAN HEALTH CENTER,SIDNEY HILLMAN HEALTH CENTER,160864443,501,2024-11-01,ROCHESTER,,,5593,628,20260603145715NAL0000296384001
NFL PLAYER INSURANCE PLAN,NFL PLAYER INSURANCE TRUST,133077470,501,2024-09-01,NEW YORK,NFL MANAGEMENT COUNCIL,2124502000,4910,2857,20260406090606NAL0007039153001
THE STEAMFITTERS INDUSTRY WELFARE FUND,STEAMFITTERS INDUSTRY WELFARE FUND BOARD OF TRUSTEES,131545680,502,2024-01-01,LONG ISLAND CITY,,,4593,2208,20251014132101NAL0006034594001
EQUITY-LEAGUE HEALTH TRUST FUND,BOARD OF TRUSTEES OF THE EQUITY-LEAGUE HEALTH TRUST FUND,136092981,501,2024-06-01,NEW YORK,,,4429,4207,20260305135657NAL0004340929001
VOLUNTARY HOSPITALS HOUSE STAFF BENEFITS PLAN,VOLUNTARY HOSPITALS HOUSE STAFF BENEFITS PLAN,133029280,501,2024-01-01,LONG ISLAND CITY,ALVIN RAMNARAIN,2123568180,4114,4939,20251015152044NAL0004972929001
LOCAL 812 HEALTH FUND,BOARD OF TRUSTEES LOCAL 812 HEALTH FUND,136162404,502,2024-01-01,GREAT NECK,,,3612,2514,20251015132315NAL0004965633001
IBEW LOCAL 1249 INSURANCE FUND,IBEW LOCAL 1249 INSURANCE FUND,156025162,501,2024-01-01,CICERO,,,3600,3229,20251001150527NAL0016285104001
NOITU INSURANCE TRUST FUND,"BOARD OF TRUSTEES, NOITU INSURANCE TRUST FUND",111896570,501,2024-01-01,JAMAICA,,,3583,3721,20251014130201NAL0001420291002
LOCAL 282 WELFARE TRUST FUND,BOARD OF TRUSTEES LOCAL 282,116244552,501,2024-01-01,LAKE SUCCESS,,,3545,2657,20251013100201NAL0002333826005
MOHAWK VALLEY HEALTH SYSTEM GROUP HEALTH PLAN,MOHAWK VALLEY HEALTH SYSTEM,223124162,501,2025-01-01,UTICA,,,3511,3696,20260730064826NAL0026402144001
"IRON WORKERS LOCALS 40, 361 & 417 HEALTH FUND","BOARD OF TRUSTEES IRON WORKERS LOCALS 40, 361 & 417 HEALTH FUND",135622663,501,2024-01-01,NEW YORK,,,3487,1914,20251009145612NAL0003678915001
PLUMBERS LOCAL UNION NO 1 - WELFARE FUND,PLUMBERS LOCAL UNION NO. 1 WELFARE FUND,111538293,503,2025-01-01,LONG ISLAND CITY,,,3446,2616,20260903151545NAL0013629026001
THE TOPPING OUT FUND OF THE IRON WORKERS LOCALS 40 361 & 417,"BOARD OF TRUSTEES THE TOPPING OUT FUND OF THE IW LOCALS 40, 361 & 417",133156507,501,2024-01-01,NEW YORK,,,3408,1909,20251009144023NAL0004002787001
METAL TRADES BRANCH LOCAL 638 HOSPITAL AND WELFARE FUND,BOARD OF TRUSTEES OF METAL TRADES BRANCH LOCAL 638 HOSPITAL & WELFARE,136211854,501,2024-07-01,LONG ISLAND CITY,,,3267,3110,20260413124311NAL0022548880001
DISTRICT COUNCIL 37 CULTURAL INSTITUTIONS HEALTH & SECURITY PLAN TRUST,DISTRICT COUNCIL 37 CULTURAL INSTITUTIONS HEALTH & SECURITY PLAN TRUST,133075750,501,2024-07-01,NEW YORK,DISTRICT COUNCIL 37 BENEFIT FUND TRUST,2128151305,3257,2066,20260313122527NAL0008125296001
LOCAL 298 HEALTH BENEFIT FUND I,BOARD OF TRUSTEES OF LOCAL 298 HEALTH BENEFIT FUND 1,111967404,501,2024-01-01,VALLEY STREAM,,,3177,2172,20260205171056NAL0005433025001
AMALGAMATED MEAT CUTTERS AND RETAIL FOOD STORE EMPLOYEES UNION LOCAL 342 HEALTH CARE FUND,LOCAL 342 HEALTH CARE FUND AND RETAIL,135626340,501,2024-01-01,BOHEMIA,,,3074,3298,20251014091304NAL0003457200003
NEW YORK STATE NURSES ASSOCIATION RETIREE MEDICAL PLAN,NYSNA RETIREE HEALTH FUND,611617397,501,2024-01-01,NEW YORK,,,3055,2805,20251015190416NAL0005684513001
IUOE LOCAL 30 BENEFITS FUND,BD OF TRUSTEES IUOE LOCAL 30 BENEFITS FUND,132873303,501,2025-01-01,WHITESTONE,,,3024,3017,20260720145103NAL0007132595001
UPSTATE NEW YORK ENGINEERS HEALTH FUND,BOARD OF TRUSTEES UPSTATE NEW YORK ENGINEERS HEALTH FUND,150582931,501,2024-04-01,SYRACUSE,,,2997,2393,20260107160257NAL0003058179001
"WELFARE FUND OF THE IUOE LOCAL UNIONS 15, 15A, 15C 15D, AFL-CIO","BD OF TRUSTEES WELFARE FD OF THE IUOE LO UNIONS 15, 15A, 15C, 15D",136694320,501,2025-01-01,LONG ISLAND CITY,,,2956,2854,20260630133831NAL0011309267001
"LAUNDRY, DRY CLEANING WORKERS & ALLIED INDUSTRIES HEALTH FUND, WORKERS UNITED","LAUNDRY, DRY CLEANING WORKERS & ALLIED INDUSTRIES HEALTH FUND, WORKERS",135521921,501,2024-01-01,WHITE PLAINS,,,2921,2923,20251015142940NAL0002453475002
WELFARE FUND OF LOCAL NO. ONE I.A.T.S.E.,BOARD OF TRUSTEES OF WELFARE FUND OF LOCAL NO. ONE I.A.T.S.E.,136174166,501,2024-07-01,NEW YORK,,,2863,2085,20260401154250NAL0001416896001
PAVERS & ROAD BUILDERS DC WELFARE FUND,PAVERS & ROAD BUILDERS DC WELFARE FUND,135562753,501,2024-01-01,WHITESTONE,PAVERS & ROAD BUILDERS DC WELFARE FUND,7189616963,2849,2663,20251009110017NAL0006484129008
"UNITED WIRE, METAL & MACHINE H & W FD","UNITED WIRE, METAL & MACHINE HEALTH & WELFARE FUND",135608135,501,2024-01-01,LONG ISLAND CITY,,,2786,2870,20251015181848NAL0010703842001
LOCAL 1102 HEALTH AND BENEFIT FUND,LOCAL 1102 HEALTH & BENEFIT FUND,131768188,501,2025-01-01,WOODBURY,,,2755,2577,20260721145132NAL0008911059002
32BJ NORTH HEALTH FUND,"BOARD OF TRUSTEES, 32BJ NORTH HEALTH FUND",131699839,501,2025-01-01,NEW YORK,,,2744,2747,20260818135434NAL0019878179001
SHEET METAL WORKERS LOCAL UNION NO. 28 WELFARE FUND,BOARD OF TRUSTEES OF SMW LU NO. 28 WELFARE FUND,135530847,501,2024-01-01,MINEOLA,,,2680,1954,20251015122214NAL0002399587002
UNITED CRAFTS BENEFITS FUND,UNITED CRAFTS BENEFITS FUND BOARD OF TRUSTEES,112252603,501,2025-01-01,WILLISTON PARK,,,2673,2702,20260716100753NAL0002994211002
UNITED BENEFIT FUND,UNITED BENEFIT FUND,562423802,501,2024-01-01,DOUGLASTON,,,2581,2621,20251012121506NAL0000079091001
LOCAL 338 HEALTH AND WELFARE FUND,BOARD OF TRUSTEES L338 HEALTH AND WELFARE FUND,132980858,501,2024-01-01,MINEOLA,,,2565,2487,20251013095553NAL0000461059002
UNITED TEAMSTER FUND,BOARD OF TRUSTEES UNITED TEAMSTER FUND,135549593,501,2024-05-01,BROOKLYN,,,2448,2465,20260217111432NAL0006680579001
IBEW LOCAL 25 HEALTH & BENEFIT FUND,BOARD OF TRUSTEES OF THE IBEW LOCAL 25 HEALTH & BENEFIT FUND,111630810,501,2025-01-01,HAUPPAUGE,,,2410,1652,20260728154308NAL0016914035001
LOCAL 580 INSURANCE FUND,BOARD OF TRUSTEES LOCAL 580 INSURANCE FUND,136178513,501,2024-01-01,NEW YORK,,,2217,1480,20251013143755NAL0002209088001
LOCAL 22 HEALTH FUND,LOCAL 22 HEALTH FUND,131805529,501,2024-01-01,VALLEY STREAM,,,2179,2172,20260212153539NAL0000317635002
EMPLOYEES SECURITY FUND OF THE ELEC IND HEALTH AND WELFARE PLAN,BRD OF TR OF THE EMPL SEC FD OF THE ELEC PROD IND-HEALTH & WELFARE PL,136100908,501,2024-01-01,FLUSHING,JOINT INDUSTRY BOARD OF THE ELECTRICAL INDUSTRY,7185912000,2160,1510,20251010090919NAL0012197248001
"DAY CARE COUNCIL OF NEW YORK - LOCAL 205, D. C. 37 WELFARE FUND","TRUSTEES OF DAY CARE COUNCIL OF NY - LOCAL 205, D.C. 37 WELFARE FUND",132672380,501,2024-07-01,NEW YORK,,,2006,1843,20260406115038NAL0009825122001
LOCAL 522 WELFARE FUND OF NEW YORK AND NEW JERSEY,BOARD OF TRUSTEES OF LOCAL 522 WELFARE FUND OF NEW YORK AND NEW JERSEY,112409162,501,2024-08-01,BROOKLYN,,,1974,1555,20260414172104NAL0018840801001
THE ALLIANCE OF WESTERN NEW YORK BENEFIT FUND,ALLIANCE OF WESTERN NEW YORK BENEFIT FUND,200225592,501,2024-07-01,NIAGARA FALLS,CROWN BENEFITS GROUP INC.,7162847868,1953,2336,20260406115745NAL0004160019001
LOCAL 670 WELFARE FUND,LOCAL 670 WELFARE FUND JOINT BOARD OF TRUSTEES,132828665,501,2024-01-01,NEW YORK,,,1930,1495,20251009110017NAL0006484129003
U.S.W.U. LOCAL 74 WELFARE FUND,U.S.W.U. LOCAL 74 WELFARE FUND BOARD OF TRUSTEES OF U.S.W.U. LOCAL 74,131912506,501,2024-01-01,LONG ISLAND CITY,BOARD OF TRUSTEES OF U.S.W.U LOCAL 74 WELFARE FUND,7187297400,1918,1964,20251015085831NAL0002133235001
LOCAL 426 HEALTH BENEFIT FUND,BOARD OF TRUSTEES OF LOCAL 426 HEALTH BENEFIT FUND,871481071,501,2024-10-01,VALLEY STREAM,,,1811,4216,20260713191037NAL0000420227001
IBEW LOCAL NO. 236 HEALTH & BENEFIT FUND,IBEW LOCAL NO. 236 HEALTH AND BENEFIT FU,141442159,501,2024-07-01,SCHENECTADY,,,1801,1192,20260411101555NAL0012439953001
LOCAL 295 I.B.T. EMPLOYER GROUP WELFARE FUND,LOCAL 295 I.B.T. EMPLOYER GROUP WELFARE FUND,510243781,501,2024-07-01,NEW YORK,"SAVASTA AND COMPANY, INC",2123084200,1790,1143,20260325084612NAL0002128899002
INTERNATIONAL UNION OF OPERATING ENGIN LOCAL 138 WELFARE FUND,BOARD OF TRUSTEES IUOE LOCAL 138 WELFARE FUND,111628170,501,2024-07-01,FARMINGDALE,,,1773,1523,20260407155936NAL0005111219001
LOCAL 802 MUSICIANS HEALTH FUND,BOARD OF TRUSTEES LOCAL 802,136198844,501,2024-10-01,NEW YORK,,,1746,1762,20260714140300NAL0001140115001
DOCTORS COUNCIL BENEFIT PLAN,BOARD OF TRUSTEES DOCTORS COUNCIL BENEFIT PLAN,133387038,501,2025-01-01,NEW YORK,,,1658,2243,20260730161202NAL0019642515004
UNITED FEDERATION OF TEACHERS HEALTH CARE CHAPTER BENEFIT FUND,UNITED FEDERATION OF TEACHERS HEALTH CARE CHAPTER BENEFIT FUND,136783346,501,2024-01-01,NEW YORK,,,1630,1732,20251004094946NAL0001173907001
POINTERS CLEANERS & CAULKERS WELFARE FUND,"BOARD OF TRUSTEES OF POINTERS,",131831867,501,2024-07-01,REGO PARK,,,1625,1529,20260414100301NAL0010997699002
ALLIED WELFARE FUND,BOARD OF TRUSTEES OF ALLIED WELFARE FUND,226062974,501,2024-01-01,STATEN ISLAND,,,1596,1532,20251015162705NAL0002748275003
CEMENT AND CONCRETE WORKERS DC WELFARE FUND,BOARD OF TRUSTEES OF THE CEMENT AND CONCRETE WORKERS DC WELFARE FUND,135542693,501,2025-01-01,BAYSIDE,,,1568,763,20260924102814NAL0013430288001
LABORERS LOCAL 1298 OF NASSAU & SUFFOLK COUNTIES WELFARE FUND,BOARD OF TRUSTEES LOCAL 1298 WELFARE FUND,111628171,501,2024-07-01,HEMPSTEAD,,,1425,1180,20260414155518NAL0018710577001
NEWSPAPER GUILD OF NEW YORK NEW YORK TIMES BENEFITS FUND,NEWSPAPER GUILD OF N.Y. - THE NEW YORK TIMES,133094045,501,2024-07-01,WHITE PLAINS,,,1419,1071,20260415123016NAL0026200896001
PAINTERS DISTRICT COUNCIL NO. 4 HEALTH AND WELFARE,PAINTERS DISTRICT COUNCIL NO. 4 HEALTH AND WELFARE TRUST FUND,166070541,501,2024-06-01,CHEEKTOWAGA,,,1397,1268,20260316175402NAL0002223840001
ROCHESTER AREA CONSTRUCTION AND MATERIALS HEALTH A,ROCHESTER AREA CONSTRUCTION AND MATERIALS HEALTH AND WELFARE FUND,160962644,501,2024-08-01,ROCHESTER,ROCHESTER AREA CONSTRUCTION AND MATERIALS HEALTH AND WELFARE FUND,5852541700,1355,1359,20251229111201NAL0017652833002
U.A. PLUMBERS & STEAMFITTERS LOCAL 22 HEALTH FUND,U.A. PLUMBERS AND STEAMFITTERS LOCAL 22 HEALTH FUND,161561710,501,2024-05-01,WEST SENECA,,,1351,814,20251113105557NAL0002646530002
INTERNATIONAL UNION OF OPERATING ENGINEERS LOCAL 14-14B WELFARE FD,BOARD OF TRUSTEES OF THE I.U.O.E. LOCAL 14-14B WELFARE FUND,112392159,501,2024-07-01,FLUSHING,,,1347,890,20260330081129NAL0014851120001
IBEW LOCAL 43 AND ELECTRICAL CONTRACTORS WELFARE FUND,IBEW LOCAL 43 & ELECTRICAL CONTRACTORS WELFARE FUND BOARD OF TRUSTEES,156025163,501,2024-07-01,SYRACUSE,,,1346,1117,20260311094942NAL0005516610001
LOCAL 817 IBT WELFARE FUND,TEAMSTERS LOCAL 817 WELFARE FUND,136210566,501,2024-01-01,GREAT NECK,,,1323,539,20251015172813NAL0005523713002
INSURANCE TRUST FUND PRIVATE SANITATION UNION LOCAL 813 I. B. OF T.,BOARD OF TRUSTEES INSURANCE TRUST FUND PRIVATE SANITATION UNION LOCAL,135603868,501,2024-01-01,LONG ISLAND CITY,,,1275,1119,20251013090519NAL0000402499001
UNITED ASSOCIATION LOCAL NO. 7 WELFARE FUND,PLUMBERS AND STEAMFITTERS LOCAL NO. 7 WELFARE FUND,146029930,501,2024-06-01,LATHAM,,,1239,858,20260316190935NAL0001309539001
ELECTRICAL WORKERS LOCAL UNION NO. 86 INSURANCE FUND,ELECTRICAL WORKERS LOCAL UNION NO. 86 BOARD OF TRUSTEES,160778220,501,2024-11-01,ROCHESTER,,,1209,800,20260626091319NAL0009200049001
HEALTH FUND 917,BOARD OF TRUSTEES OF HEALTH FUND 917,136129427,501,2024-05-01,FLORAL PARK,,,1203,1127,20251203120643NAL0000604081001
SDC-LEAGUE HEALTH FUND,BOARD OF TRUSTEES SDC - LEAGUE HEALTH FUND,132958267,502,2024-09-01,NEW YORK,,,1189,1203,20260612170302NAL0006683171003
PLUMBERS & STEAMFITTERS LOCAL 81 INSURANCE FUND,TRUSTEES OF PLUMBERS & STEAMFITTERS LOCAL 81 INSURANCE FUND,156025166,501,2024-01-01,SYRACUSE,,,1186,1191,20251014155345NAL0001647811001
WESTCHESTER TEAMSTERS HEALTH & WELFARE FUND,BOARD OF TRUSTEES LOCAL 456 HEALTH & WELFARE FUND,136123972,501,2024-01-01,ELMSFORD,,,1184,868,20251015154614NAL0006660992003
RETIREE PLAN OF THE IUOE LOCAL 15 WELFARE FUND,BOARD OF TRUSTEES RETIREE PLAN OF THE IUOE LOCAL 15 WELFARE FUND,136694320,502,2025-01-01,LONG ISLAND CITY,,,1156,0,20260629082051NAL0009809363001
AMCU & RFSEU LOCAL 342 WELFARE FUND,AMALGAMATED MEAT CUTTER & RETAIL FOOD EMPLOYEES,111896894,501,2024-01-01,BOHEMIA,,,1150,1098,20251012181903NAL0000460417001
UFCW LOCAL ONE RETIREE HEALTH CARE FUND,BRD OF TTEES UFCW LOCAL ONE RETIREE HEALTH CARE FUND,160915820,502,2024-01-01,ORISKANY,,,1150,0,20251015141412NAL0005100929004
TEAMSTERS LOCAL 294 ALBANY AREA TRUCKING & ALLIED INDUSTRIES HEALTH & WELFARE FUND,TEAMSTERS LOCAL 294 ALBANY AREA TRUCKING & ALLIED INDUSTRIES HEALTH,141582160,501,2024-06-01,ALBANY,,,1147,1159,20260312130612NAL0006451281001
"WINE, LIQUOR & DISTILLERY WORKERS UNION LOCAL 1-D, MAJOR MEDICAL PLAN","WINE, LIQUOR & DISTILLERY WORKERS UNION PLAN",131973409,501,2024-01-01,BROOKLYN,,,1105,0,20251222162327NAL0014462224002
ROOFERS LOCAL UNION #8 - RDWA INSURANCE AND TRUST,RDWA - 8 UNITED UNION OF ROOFERS,111653210,501,2024-01-01,LONG ISLAND CITY,,,1070,932,20251015155120NAL0010472882001
LIFE BENEFIT PLAN,BOARD OF TRUSTEES,111708617,501,2024-01-01,BROOKLYN,,,1037,788,20251013120201NAL0001173409001
THE LOCAL 7 TILE INDUSTRY WELFARE FUND,"TMT BAC LOCAL UNION 7 WELFARE FUND C/O DANIEL H. COOK ASSOCIATES, IN",386829766,501,2024-01-01,NEW YORK,"DANIEL H. COOK ASSOCIATES, INC.",2125055050,1033,789,20251021095215NAL0001191827001
"NEW YORK HOTEL TRADES COUNCIL & AFFILIATED LOCALS, STAFF INSURANCE FUND",NEW YORK HOTEL TRADES COUNCIL & AFFILIAT STAFF INSURANCE FUND,131531223,501,2024-08-01,NEW YORK,,,1031,1064,20260226130451NAL0004304784001
LOCAL NO. 41 IBEW HEALTH FUND,TRUSTEES OF LOCAL NO 41 IBEW HEALTH FUND,160841426,501,2024-05-01,ORCHARD PARK,,,1027,906,20251126074507NAL0004494385002
PLUMBERS & STEAMFITTERS LOCAL 21 WELFARE FUND,BOARD OF TRUSTEES P&S LOCAL 21 WELFARE FUND,134017983,501,2024-07-01,PEEKSKILL,,,1022,645,20260414192157NAL0025042576001
IBEW LOCAL 363 WELFARE PLAN,TRUSTEES OF IBEW LOCAL 363-WELFARE,136132502,501,2024-01-01,HARRIMAN,,,1016,763,20251013194655NAL0004070434002
METAL LATHERS LOCAL 46 TRUST FUND,BOARD OF TRUSTEES METAL LATHERS TRUST FUND 46,132878811,501,2024-01-01,WOODSIDE,,,1012,682,20250930093232NAL0016288931001
BUILDING TRADES WELFARE BENEFIT FUND,"THE BUILDING INDUSTRY ELECTRICAL CONTRACTORS ASSOCIATION, INC.",261140509,501,2024-01-01,HOLTSVILLE,"DICKINSON GROUP, LLC",5168339300,1009,1153,20251014191134NAL0004849456002
TWU-WESTCHESTER PBL HEALTH BENEFIT TRUST,TWU WESTCHESTER PBL HEALTH BENEFIT TRUST,136601635,501,2024-01-01,WEST PLAINS,,,967,596,20251014185621NAL0004761152001
WESTCHESTER HEAVY CONSTRUCTION LABORERS LOCAL 60 HEALTH & WELFARE FUND,BOARD OF TRUSTEES LOCAL 60 HEALTH & WELFARE FUND,131737041,501,2024-01-01,HAWTHORNE,,,940,848,20251014214801NAL0003776817001
U.A. LOCAL 13 & EMPLOYERS GROUP INSURANCE FUND,UA LOCAL 13 JOINT BOARD OF TRUSTEES EMPLOYERS GROUP INSURANCE FUND,160766976,501,2024-01-01,ROCHESTER,,,911,850,20251006152308NAL0002006179003
BRICKLAYERS INSURANCE AND WELFARE FUND,BOARD OF TRUSTEES OF BRICKLAYERS INSURANCE AND WELFARE FUND,131575218,501,2024-01-01,REGO PARK,BOARD OF TRUSTEES OF BRICKLAYERS INSURANCE AND WELFARE FUND,7184595800,896,877,20251002112552NAL0000426513001
LOCAL 1205 WELFARE FUND,BOARD OF TRUSTEES OF LOCAL 1205 WELFARE FUND,111586595,501,2024-07-01,FARMINGDALE,,,861,852,20260313080404NAL0007530337001
"LABORERS' LOCAL UNION NO. 91 WELFARE FUND OF NIAGARA FALLS, NY",LABORERS' UNION-NO 91 WELFARE FUND,160776158,501,2024-06-01,NIAGARA FALLS,,,846,711,20260227131509NAL0000168291002
NORTHEAST DISTRICT COUNCIL OF THE OPCMIA WELFARE FUND,NORTHEAST DISTRICT COUNCIL OF THE OPCMIA WELFARE FUND,131567895,501,2024-01-01,BRONX,,,831,762,20251015101935NAL0004279777002
STOREWORKERS SECURITY PLAN,BOARD OF TRUSTEES STOREWORKERS,136162367,501,2024-02-01,NEW YORK,,,824,517,20251111141202NAL0006265089001
I.B.E.W. LOCAL 1049 CRAFT DIVISION HEALTH & WELFARE FUND,BOARD OF TRUSTEES I.B.E.W. LOCAL 1049,116043757,501,2024-01-01,HOLTSVILLE,,,819,786,20251015121751NAL0002275475008
SEIU LOCAL 200 UNITED BENEFIT FUND,SEIU LOCAL 200 UNITED BENEFIT FUND,161198780,501,2025-01-01,SYRACUSE,,,798,598,20260803154513NAL0000892226001
LABORERS INTL UNION OF N.A. LOCAL 1822 HEALTH CARE FUND,TRUSTEES OF LABORERS INT'L UNION OF NA LOCAL UNION NO. 1822 HEALTH CAR,166192220,501,2024-01-01,SYRACUSE,,,791,834,20251013140821NAL0000691379003
BUFFALO LABORERS WELFARE FUND,BOARD OF TRUSTEES BUFFALO LABORERS WELFARE FUND,160806902,501,2024-07-01,CHEEKTOWAGA,,,765,737,20260414170622NAL0022211139001
HOLLOW METAL TRUST FUND,HOLLOW METAL TRUST FUND,112750720,501,2024-01-01,NEW YORK,,,756,741,20251010084119NAL0012153904002
SHEET METAL WORKERS UNION LOCAL 38 INSURANCE AND WELFARE FUND,BD OF TRUSTEES SHEET METAL WORKERS UNION LOC 38 INSURANCE & WELFARE FD,131739693,501,2024-01-01,BREWSTER,,,754,423,20250922152717NAL0012632914001
ALLIED SECURITY HEALTH & WELFARE FUND,BOARD OF TRUSTEES OF ALLIED SECURITY HEALTH & WELFARE FUND,132738779,501,2024-01-01,MINEOLA,,,734,725,20251015150201NAL0005228593003
ROCHESTER LABORERS' WELFARE AND SUPPLEMENTAL UNEMPLOYMENT BENEFIT FUND,ROCHESTER LABORERS' WELFARE - SUB FUND UNEMPLOYMENT BENEFIT FUND,160821557,501,2025-01-01,ROCHESTER,,,725,672,20260818132045NAL0012764339001
PLUMBERS LOCAL UNION NO. 200 WELFARE FUND,PLUMBERS LOCAL UNION NO. 200 WELFARE FUND BOARD OF TRUSTEES,113124836,501,2024-07-01,RONKONKOMA,PLUMBERS LOCAL UNION NO. 200 WELFARE FUND,6317390020,725,584,20260302200258NAL0001513697002
SPECIAL & SUPERIOR OFFICERS BENEVOLENT ASSOCIATION WELFARE FUND,SPECIAL & SUPERIOR OFFICERS BENEVOLENT ASSOCIATION WELFARE FUND,112548572,501,2024-09-01,WEST BABYLON,RONALD A FEDRIZZI,6315879170,725,829,20260615113653NAL0001234113001
BRICKLAYERS & ALLIED CRAFTWORKERS LOCAL 3 NY ROCHESTER CHAPTER WELFARE FUND,JOINT BOARD OF TRUSTEES BRICKLAYERS &,160983640,501,2024-10-01,ROCHESTER,,,695,589,20260402090118NAL0003518128001
ROAD CARRIERS LOCAL 707 WELFARE FUND,BOARD OF TRUSTEES OF THE ROAD CARRIERS LOCAL 707 WELFARE FUND,112159859,501,2024-09-01,HEMPSTEAD,,,681,669,20260615181459NAL0000116979001
LABORERS' LOCAL NO. 17 HEALTH BENEFIT FUND,LABORERS' INTERNATIONAL UNION OF N.A LOCAL 17 HEALTH BENEFIT FUND,146022217,501,2024-01-01,NEWBURGH,,,675,616,20251015171511NAL0002801731009
GENERAL BUILDING LABORERS' LOCAL 66 WELFARE FUND,BD OF TRUSTEES GEN'L BLG LABORERS' LOCAL 66 WELFARE FUND,111627279,501,2024-07-01,MELVILLE,,,664,423,20251223120035NAL0025119826001
BAKERS UNION LOCAL 37 HEALTH & WELFARE FUND,"BOARD OF TRUSTEES, BAKERS UNION LOCAL 37 HEALTH &",956048924,501,2024-05-01,MOUNT KISCO,,,659,644,20260213145504NAL0001514737001
IRONWORKERS LOCAL 6 MEDICAL & S.U.B. PAY PLAN,"BOARD OF TRUSTEES, IRONWORKERS LOCAL 6 MEDICAL & S.U.B. PAY FUND",166085493,502,2024-06-01,WEST SENECA,,,657,370,20251219083008NAL0006182401002
LOCAL 808 I. B. T. HEALTH & WELFARE FUND,"BOARD OF TRUSTEES, LOCAL 808 I.B.T. HEALTH & WELFARE FUND",237218454,501,2024-10-01,CHAPPAQUA,,,653,648,20260714204632NAL0002690256001
DRYWALL TAPERS INSURANCE FUND,BOARD OF TRUSTEES DRYWALL TAPERS INSURANCE FUND,133562352,501,2024-01-01,LONG ISLAND CITY,,,648,676,20251010061004NAL0017229826001
DISTRICT COUNCIL 37 LOCAL 95 HEAD START EMPLOYEES WELFARE FUND,"DISTRICT COUNCIL 37, LOCAL 95 HEAD START EMPLOYEES WELFARE FUND",133819669,501,2024-01-01,NEW YORK,,,640,683,20251015123726NAL0004554785001
"THE CHILDRENS AID SOCIETY HEALTH, DENTAL, VISION",THE CHILDRENS AID SOCIETY,135562191,507,2025-01-01,NEW YORK,,,635,617,20260720170058NAL0009842385001
DISTRICT COUNCIL 37 LOCAL 389 HOME CARE EMPLOYEES HEALTH AND WELFARE FUND,DISTRICT COUNCIL 37 - LOCAL 389 HOME CARE EMPLOYEES HEALTH AND WELFARE,133505523,501,2024-01-01,NEW YORK,DISTRICT COUNCIL 37 LOCAL 389 HOME CARE EMPLOYEES HEALTH & WELFARE FUN,2129256033,621,621,20251015135350NAL0006314272002
"WELFARE PLAN OF THE I.U.O.E. LOCALS 137,137A,137B, 137C, AND 137R AFL-CIO","BD OF TRUSTEES OF THE WELFARE PLAN LOCALS 137,137A,137B,137C, AND 137R",131739714,501,2025-01-01,BRIARCLIFF MANOR,,,617,622,20260731111450NAL0021367779001
BAKERY DRIVERS LOCAL 802 WELFARE FUND,BOARD OF TRUSTEES OF BAKERY DRIVERS LOCAL 802 WELFARE FUND,516112573,501,2024-01-01,DEER PARK,,,613,625,20251015113625NAL0002228211003
"BRICKLAYERS & ALLIED CRAFTWORKERS LOCAL 2, ALBANY, NY HEALTH BENEFIT FUND","BOT BRICKLAYERS & ALLIED CRAFTWRKRS LOC 2, ALBANY, NY HEALTH BENEFIT F",141461803,501,2024-05-01,ALBANY,,,612,555,20251121123829NAL0006515265001
CONSTRUCTION & GENERAL LABORERS' LOCAL 190 WELFARE FUND,CONSTRUCTION & GENERAL LABORERS' LOCAL 190 WELFARE FUND,141424790,501,2024-08-01,GLENMONT,,,607,562,20260515084005NAL0009103809001
IRON WORKERS LOCAL UNION NO. 60 NO. 60 SUPPLEMENTAL BENEFIT PLAN,BOARD OF TTEES OF THE LOCAL UNION NO. 60 SUPPLEMENTAL BENEFIT PLAN,161500669,501,2024-07-01,SYRACUSE,,,603,303,20260415100232NAL0020791120001
NEW YORK STATE TEAMSTERS COUNCIL UNITED PARCEL SER RETIREE HEALTH FUND,NEW YORK STATE TEAMSTERS COUNCIL UNITED PARCEL SERVICE RETIREE HEALTH,464111565,501,2024-01-01,SYRACUSE,,,595,649,20251015120655NAL0006199440004
"EXCELSIOR ORTHOPAEDICS, LLP EMPLOYEE WELFARE BENEFIT PLAN","EXCELSIOR ORTHOPAEDICS, LLP",161608040,501,2025-01-01,AMHERST,,,591,629,20260731112348NAL0024591729001
OPEIU BENEFITS FUND,BOARD OF TRUSTEES OPEIU BENEFITS FUND,136110088,501,2024-03-01,NEW YORK,,,589,387,20251215182931NAL0001718961001
"IUOE LOCAL 295-295B,C,D WELFARE FUND",INTERNATIONAL UNION OF OPERATING ENGINEERS WELFARE FUND LOCAL 295,111964991,501,2025-01-01,MASPETH,,,589,666,20260729141914NAL0021920369001
ROOFERS LOCAL NO. 74/ NO. 203 WELFARE PLAN,BOARD OF TRUSTEES ROOFERS LOCAL NO. 74/203 WELFARE TRUST FUND,160836163,501,2024-07-01,WEST SENECA,,,570,271,20260327084506NAL0009159170001
LOCAL 514 HEALTH AND WELFARE FUND,LOCAL 514 HEALTH AND WELFARE FUND,467325928,501,2024-01-01,WHITE PLAINS,BOARD OF TRUSTEES LOCAL 514 HEALTH AND WELFARE FUND,9147055488,545,623,20260417141214NAL0013149347001
PLUMBERS PIPE FITTERS & APPRENTICES LOCAL 112 HEAL,TRUSTEES OF PLUMBERS PIPE FITTERS & APPRENTICES LOCAL 112 HEALTH FUND,166053348,501,2024-01-01,BINGHAMTON,,,543,342,20251014110437NAL0005542594001
CENTRAL NEW YORK LABORERS' HEALTH & WELFARE FUND,CENTRAL NEW YORK LABORERS' HEALTH & WELFARE FUND BOARD OF TRUSTEES,166044095,501,2024-07-01,EAST SYRACUSE,,,509,293,20260415135821NAL0021064352001
LOCAL 807 LABOR-MANAGEMENT HEALTH FUND,BOARD OF TRUSTEES OF THE LOCAL 807 LABOR-MANAGEMENT HEALTH FUND,135548780,501,2024-09-01,LONG ISLAND CITY,,,503,498,20260330151358NAL0013497955001
DISTRICT COUNCIL 37 HEALTH AND BENEFIT FUND,DISTRICT COUNCIL 37 HEALTH AND BENEFIT F,132659322,501,2024-04-01,NEW YORK,,,500,438,20260115184726NAL0019068224001
UNITED EMPLOYEES HEALTH PLANS,UNITED EMPLOYEES HEALTH PLANS,203244794,501,2024-01-01,UNIONDALE,,,500,766,20251015161652NAL0006894704001
MARBLE INDUSTRY TRUST FUND,BOARD OF TRUSTEES OF MARBLE,136118206,501,2024-01-01,NEW YORK,,,491,354,20251014090201NAL0001147331002
CLEAR STREET HEALTH AND WELFARE PLAN,CLEAR STREET MANAGEMENT LLC,364862498,501,2025-01-01,NEW YORK,,,486,629,20260713153756NAL0000306483001
WELFARE FUND OF HEAT AND FROST INSULATORS LOCAL 12,BOARD OF TRUSTEES HEAT AND FROST INSULATORS LOCAL 12,116302784,501,2025-01-01,LONG ISLAND CITY,,,485,382,20260731122327NAL0028462400001
RETIREE PLAN OF BRICKLAYERS INSURANCE AND WELFARE FUND,BOARD OF TRUSTEES OF BRICKLAYERS INSURANCE AND WELFARE FUND,131575218,502,2024-01-01,REGO PARK,BOARD OF TRUSTEES OF BRICKLAYERS INSURANCE AND WELFARE FUND,7187595800,484,473,20251002132520NAL0000556705001
UNITED WORKERS HEALTH FUND,BOARD OF TRUSTEES OF THE UNITED WORKERS HEALTH FUND,841655234,621,2024-01-01,UNIONDALE,,,470,556,20251015152553NAL0010374722005
SHEET METAL WORKERS' LOCAL NO. 40 HEALTH FUND,BOARD OF TRUSTEES SHEET METAL WORKERS' LOCAL NO. 40 HEALTH FUND,061013879,501,2024-01-01,NEW YORK,,,466,318,20251215113633NAL0003407666001
"LOCAL 947 HEALTH AND WELFARE FUND 3 MAIN STREET KINGS PARK, NY 11754",BOARD OF TRUSTEES LOCAL 947 HEALTH AND WELFARE FUND,134191811,501,2024-10-01,KINGS PARK,ELIZABETH PEDRAS,6316705660,466,466,20260721122520NAL0016255746001
IRON WORKERS DISTRICT COUNCIL OF WESTERN NEW YORK AND VICINITY SUPPLEMENTAL BENEFIT PLAN (ACTIVE PARTICIPANTS),BOARD OF TRUSTEES OF IRON WORKERS DISTRICT COUNCIL OF WESTERN,161550492,501,2024-07-01,ROCHESTER,,,458,253,20260310084507NAL0003778307001
SHEET METAL WORKERS LOCAL 46 HEALTH FUND,SHEET METAL WORKERS LOCAL 46 HEALTH FUND BOARD OF TRUSTEES,160760551,501,2024-07-01,ROCHESTER,,,454,495,20260413111707NAL0014624913002
AMERICA'S FAMILY WELFARE FUND,AMERICA'S FAMILY HEALTH & WELFARE FUND,160840561,501,2024-01-01,WILLIAMSVILLE,,,445,405,20251015171758NAL0010809298002
BRICKLAYERS AND ALLIED CRAFTWORKERS LOCAL NO. 3 NY NIAGARA FALLS-BUFFALO CHAPTER HEALTH & WELFARE PLA,BRICKLAYERS & ALLIED CRAFTWORKERS LOCAL BUFFALO CHAPTER HEALTH & WELF,160849723,501,2024-06-01,BUFFALO,,,440,313,20260216171700NAL0005727760001
LOCAL 298 HEALTH BENEFIT FUND II,BOARD OF TRUSTEES OF LOCAL 298 HEALTH BENEFIT FUND II,111955915,501,2024-08-01,VALLEY STREAM,,,439,493,20260515151756NAL0018656418001
AMALGAMATED TRANSIT WORKERS LOCAL 854 HEALTH BENEFIT FUND,BOARD OF TRUSTEES AMALGAMATED TRANSIT WORKERS LOCAL 854 HEALTH FUND,850774549,501,2024-01-01,BROOKLYN,,,425,677,20260213094312NAL0001556768001
BCTGM ATLANTIC HEALTH AND WELFARE FUND,BOARD OF TRUSTEES BCTGM ATLANTIC HEALTH AND WELFARE FUND,135616752,501,2024-01-01,OZONE PARK,,,422,434,20251015165739NAL0005473761001
TRUSTEES OF THE NENY DISTRICT COUNCIL PIPEFITTERS WELFARE FUND,NORTHEASTERN NEW YORK DISTRICT COUNCIL PIPEFITTERS WELFARE FUND,141418020,501,2024-06-01,GLENS FALLS,,,408,337,20260123160058NAL0007650864001
METAL POLISHERS UNION LOCAL 8A-28A WELFARE FUND,METAL POLISHERS UNION LOCAL 8A-28A WELFARE FUND,135624028,501,2024-01-01,LONG ISLAND CITY,,,399,395,20250924125836NAL0007574881001
ROOFERS LOCAL 241 INSURANCE FUND,ROOFERS LOCAL 241 INSURANCE FUND,510244401,501,2024-07-01,ALBANY,,,387,372,20260403133312NAL0001726531001
LABORERS' LOCAL 157 HEALTH BENEFITS FUND,LABORERS' LOCAL #157 HEALTH BENEFITS FUN,141437195,501,2024-07-01,SCHENECTADY,MICHAEL P. BRADY,5183748872,384,401,20260415141609NAL0023510355001
SHEET METAL WORKERS LOCAL 83 INSURANCE FUND,TRUSTEES INSURANCE FUND LOCAL 83,141435258,501,2024-01-01,CLIFTON PARK,,,380,241,20251014140703NAL0003114609004
SHEET METAL WORKERS LOCAL NO. 71 INDUSTRY WELFARE TRUST FUND,SHEET METAL WORKERS LOCAL NO. 71 INDUSTRY WELFARE TRUST FUND,160864434,501,2024-01-01,BUFFALO,,,364,316,20251014141720NAL0004200432001
WINE AND LIQUOR SALESMEN OF NJ WELFARE PLAN,WINE AND LIQUOR SALESMEN OF NEW JERSEY LOCAL NO. 19D WELFARE FUND,221522177,501,2024-11-01,STATEN ISLAND,,,350,350,20260811164724NAL0007923667001
SOUTHERN TIER BUILDING TRADES WELFARE PLAN,"BUILDERS EXCHANGE OF THE SOUTHERN TIER, INC.",160810677,501,2024-05-01,JAMESTOWN,"JOINT BOARD OF TRUSTEES, SOUTHERN TIER BLDG TRADES WELFARE PLAN",7166644391,348,218,20251126131049NAL0004672561002
SMART LOCAL 137 INSURANCE FUND,BOT OF SMART LOCAL 137 INSURANCE FUND,135520944,501,2025-01-01,LONG ISLAND CITY,,,341,190,20260721141918NAL0008314675001
IBEW LOCAL 139 WELFARE PLAN,BOARD OF TRUSTEES OF IBEW LOCAL 139 WELFARE,160839767,501,2024-07-01,ELMIRA,,,337,224,20260228081242NAL0000569203001
"DERRICKMENS WELFARE FUND, LOCAL 197","BD OF TR DERRICKMENS WELFARE FUND, LOCAL 197",136121369,501,2024-01-01,NEW YORK CITY,,,333,140,20251014093024NAL0003534080001
IBEW LOCAL UNION NO. 237 HEALTH AND WELFARE FUND,I.B.E.W. LOCAL UNION NO. 237 HEALTH AND WELFARE FUND,160834222,501,2024-01-01,NIAGARA FALLS,,,321,285,20251010125347NAL0004257027001
LOCAL 325 JOINT TRUST FUND,IBEW 325 JOINT TRUST FUND,150626264,501,2024-09-01,BINGHAMTON,,,318,289,20260615092550NAL0000686019001
UNITED PLANT & PRODUCTION WORKERS LOCAL 175 WELFARE FUND,UNITED PLANT & PRODUCTION WORK WORKERS L175 WELFARE FUND,134321969,501,2024-07-01,ROSLYN HEIGHTS,,,311,276,20260407114512NAL0009085840003
NEW YORK OIL HEATING INSURANCE FUND,NEW YORK OIL HEATING INSURANCE FUND,135668120,501,2025-01-01,HAUPPAUGE,,,308,289,20260923145602NAL0012402208001
UPSTATE UNION HEALTH AND WELFARE FUND,UPSTATE UNION HEALTH AND WELFARE FUND,166072836,501,2024-01-01,SYRACUSE,,,306,142,20251007154907NAL0002587619003
MOSAIC & TERRAZZO WELFARE FUND,THE BOARD OF TRUSTEES OF THE MOSAIC & TERRAZZO WELFARE FUND,135676828,501,2024-01-01,LONG ISLAND CITY,,,303,217,20251014180202NAL0001747507012
WELFARE FUND OF LOCAL 785 OF LABORERS INTERNATIONAL UNION,TRUSTEES OF LABORERS LOCAL 785 WELFARE FUND,166054286,501,2024-01-01,ITHACA,,,302,289,20250924123323NAL0010591426001
PRODUCTION INDUSTRIAL TECH TEXTILE & PROF. EMP. UNION LOCAL 124 WELFARE FUND,PRODUCTION INDUSTRIAL TECH TEXTILE PRODUCTION INDUSTRIA,112691482,501,2024-01-01,VALHALLA,,,300,310,20251012124508NAL0000441201001
I.B.E.W. LOCAL 1430 WELFARE FUND,BOARD OF TRUSTEES OF LOCAL 1430 WELFARE FUND,131835737,501,2024-01-01,ARMONK,,,300,289,20251015215112NAL0007379232002
UNITED PRODUCTION WORKERS UNION LOCAL 17-18 WELFARE FUND,UNITED PRODUCTION WORKERS UNION LOCAL 17-18 WELFARE FUND,237456226,501,2024-03-01,WESTCHESTER,UNITED PRODUCTION WORKERS UNION LOCAL 17-18 WELFARE FUND,9733397318,297,306,20251215101055NAL0000663491001
CHESTNUT PETROLEUM DIST.,CHESTNUT PETROLEUM DISTRIBUTORS INC,141789595,501,2024-10-01,POUGHKEEPSIE,CARMELIA BENGOCHEA-GLORE,8452560162,295,309,20260713173457NAL0000660240001
LABORERS LOCAL 754 WELFARE FUND,TRUSTEES OF LOCAL 754 WELFARE FUND,131895923,501,2024-07-01,CHESTNUT RIDGE,,,293,246,20260409145540NAL0007197907003
LABORERS LOCAL 235 WELFARE FUND,BOARD OF TRUSTEES LABORERS' LOCAL 235 WELFARE FUND,131777458,501,2025-01-01,ELMSFORD,,,291,251,20260731131949NAL0030474816003
LOCAL 475 HEALTH PLAN,LOCAL 475 HEALTH PLAN,136179467,501,2025-01-01,PELHAM,,,288,203,20260731111852NAL0023703665001
LOCAL 966 HEALTH FUND,BOARD OF TRUSTEES OF THE LOCAL 966,131911036,501,2024-01-01,LONG ISLAND CITY,,,287,0,20251015124740NAL0002430851002
BUILDING SERVICES LOCAL 2 - WELFARE FUND,"LOCAL 2, BUILDING SERVICE EMPLOYEES & FACTORY WORKERS,USWU-IUJAT",111831226,501,2024-01-01,OZONE PARK,,,279,271,20251015161142NAL0002611011001
HEALTH & WELFARE FUND OF LOCAL UNION 373 U.A.,BOARD OF TRUSTEES HEALTH & WELFARE FUND OF LOCAL UNION 373 U.A.,133593163,501,2024-01-01,MOUNTAINVILLE,THOMAS GANDOLFINI,8455349522,271,235,20251013150402NAL0001480193001
SHEET METAL WORKERS LOCAL 112 WELFARE FUND,BOARD OF TRUSTEES SHEET METAL WORKERS LOCAL 112 WELFARE FUND,166052225,501,2024-01-01,ELMIRA,,,258,233,20251009140200NAL0003632243001
UNION MUTUAL MEDICAL FUND HEALTH PLAN,UNION MUTUAL MEDICAL FUND,222241328,501,2024-01-01,NEW YORK,UNION MUTUAL MEDICAL FUND BOARD OF TRUSTEES,2129898787,251,227,20251011190200NAL0014094752001
TEAMSTERS LOCAL 445 WELFARE FUND,TEAMSTERS LOCAL 445 WELFARE FUND,146022213,501,2024-01-01,ROCK TAVERN,,,250,168,20251008215337NAL0003263123001
AMERICAN GUILD OF VARIETY ARTISTS WELFARE TRUST FU,AMERICAN GUILD OF VARIETY ARTISTS WELFARE TRUST FUND,131687014,501,2024-02-01,NEW YORK,,,242,232,20251104173126NAL0007393889001
RETIREE PLAN OF THE IUOE LOCAL 137 WELFARE FUND,BD OF TRUSTEES RETIREE PLAN OF THE IUOE LOCAL 137 WELFARE FUND,131739714,502,2025-01-01,BRIARCLIFF MANOR,,,241,0,20260720114540NAL0007411523001
IRON WORKERS DISTRICT COUNCIL OF WESTERN NEW YORK AND VICINITY WELFARE FUND,BOARD OF TRUSTEES OF IWDC OF WNY AND VICINITY WELFARE FUND,160776208,501,2024-07-01,ROCHESTER,,,238,340,20260310084507NAL0003778307002
FULTON FISH MARKET WELFARE FUND,BOARD OF TRUSTEES FULTON FISH MARKET WELFARE FUND,135562786,502,2024-01-01,NEW YORK,"DANIEL H. COOK ASSOCIATES, INC.",2122277786,217,211,20250926132821NAL0004034947001
"UNITED UNION OF ROOFERS, WATERPROOFERS, & ALLIED WORKERS, LOCAL 154 WELFARE FUND",BOARD OF TRUSTEES LOCAL 154 WELFARE FUND,111670612,501,2024-01-01,HAUPPAUGE,,,207,200,20251015162702NAL0006919728001
UAW LOCAL 2179 HEALTH AND WELFARE PLAN,BOARD OF TRUSTEES,113480435,501,2024-01-01,PELHAM,,,195,205,20251014090203NAL0003481440005
ROOFERS LOCAL 195 HEALTH & ACCIDENT FUND,ROOFERS LOCAL 195 HEALTH & ACCIDENT FUND,166148181,501,2024-07-01,LIVERPOOL,,,193,202,20260218090758NAL0006664385001
I.B.E.W. LOCAL NO. 106 HEALTH & WELFARE FUND,LOCAL UNION 106 IBEW,237091957,501,2024-07-01,JAMESTOWN,,,189,167,20260407131500NAL0008667617001
IBEW LOCAL #241 WELFARE BENEFITS PLAN,IBEW LOCAL UNION 241,150347948,501,2024-06-01,ITHACA,,,188,170,20260310150656NAL0003884080002
SHEET METAL WORKERS LOCAL #58 WELFARE FUND,BOARD OF TRUSTEES SHEET METAL WORKERS LOCAL 58 WELFARE FUND,150564137,501,2024-01-01,EAST SYRACUSE,,,175,157,20251009154331NAL0003715939001
"SICKNESS & ACCIDENT FUND OF LOCAL ONE, ALA FOR LITHOGRAPHIC EMPLOYEE","SICKNESS & ACCIDENT FUND OF LOCAL ONE, ALA FOR LITHOGRAPHIC EMPLOYEE",135563432,501,2024-01-01,NEW YORK,CYNTHIA HENDRICKSON,2124600800,165,0,20251014095843NAL0005334018001
HEALTH & WELFARE FUND OF ROOFERS LOCAL NO. 22,HEALTH & WELFARE FUND OF ROOFERS LOCAL N,237381527,501,2024-07-01,ROCHESTER,,,154,119,20260127163600NAL0003493330001
IRON WORKERS DISTRICT COUNCIL OF WESTERN NEW YORK AND VICINITY RETIREE SUPPLEMENTAL BENEFIT PLAN,BOARD OF TRUSTEES OF THE IRON WORKERS DISTRICT COUNCIL OF,161550492,502,2024-07-01,ROCHESTER,,,153,0,20260310084507NAL0003778307003
LOCAL 522 WELFARE FUND - ROOFERS DIVISION,TRUSTEES OF LOCAL 522 WELFARE FUND - ROOFERS DIVISION,111854964,501,2024-01-01,BROOKLYN,,,143,135,20251015122718NAL0004526913002
ASBESTOS WORKERS LOCAL 12A ABATEMENT HEALTH FUND,BOARD OF TRUSTEES OF ASBESTOS WORKERS LOCAL 12A HEALTH FUND,113517511,501,2024-06-01,NEW YORK,,,143,64,20260311140903NAL0005641056001
LOCAL NO. 840 I.B.E.W. GROUP INSURANCE PLAN,BOARD OF TRUSTEES LOCAL NO. 840 IBEW HEALTH INSURANCE PLAN,331118241,503,2024-01-01,GENEVA,,,141,152,20251002155618NAL0000437987002
PUBLISHERS - PRESSMENS WELFARE FUND,PUBLISHERS' - PRESSMENS' WELFARE FUND BOARD OF,136116945,501,2024-04-01,NEW YORK,,,137,132,20260114162051NAL0015933105001
MATERIAL YARD WORKERS LOCAL 1175 WELFARE FUND,MATERIAL YARD WORKERS LOCAL 1175 WELFARE,135679400,501,2024-01-01,ASTORIA,,,136,143,20251015114635NAL0004753633001
IUJAT LOCAL 175 BENEFIT FUND,IUJAT LOCAL 175 BENEFIT FUND,261392994,501,2024-01-01,ROSLYN HEIGHTS,,,132,129,20251014100015NAL0003592544001
HEAT AND FROST INSULATORS AND ALLIED WORKERS LOCAL NO. 4 WELFARE FUND,BOARD OF TRUSTEES HEAT AND FROST INSULATORS AND ALLIED WORKERS LOCA,161437656,501,2024-01-01,BUFFALO,,,131,68,20251010094506NAL0018128994001
"BAC LOCAL #5, NEW YORK WELFARE FUND","BAC LOCAL #5, NEW YORK WELFARE FUND",146022899,501,2024-01-01,REGO PARK,,,126,84,20251010152530NAL0004370739003
INTERCITY INSURANCE FUND PLAN,SERVICE STATION DEALERS OF GREATER NY,135672542,501,2024-01-01,MAMARONECK,LOUIS LANICCI,9146985188,120,101,20251014143229NAL0004250240001
INTERNATIONAL UNION OF BRICKLAYERS AND ALLIED CRAFTSMEN LOCAL 8 NY WELFARE PLAN,INTERNATIONAL BROTHERHOOD OF BRICKLAYERS LOCAL 8 WELFARE PLAN,166058900,501,2024-05-01,ITHACA,,,111,79,20251126131049NAL0004672561004
ASBESTOS WORKERS SYRACUSE WELFARE FUND,ASBESTOS WORKERS SYRACUSE WELFARE FUND,156022551,501,2024-01-01,EAST SYRACUSE,,,109,74,20251015120702NAL0004487329001
COMMUNICATIONS WORKERS LOCAL 1109 WELFARE FUND 1845 UTICA AVENUE BROOKLYN NY 11234,COMMUNICATION WORKERS LOCAL 1109 WELFARE FUND,226298153,501,2024-10-01,BROOKLYN,,,104,109,20260811094633NAL0008909088001
CEMENT MASONS LOCAL NO. 111 HEALTH & WELFARE FUND,CEMENT MASONS LOCAL NO. 111 HEALTH & WELFARE FUND,166095037,501,2024-09-01,TONAWANDA,,,99,61,20260615151330NAL0000192818002
LOCAL 381 GROUP INSURANCE FUND,BOARD OF TRUSTEES LOCAL 381 GROUP INSURANCE FUND,136119572,501,2025-01-01,MINEOLA,,,84,78,20260914105508NAL0003528386001
"INTERNATIONAL ASSOCIATION OF HEAT, FROST ALLIED WORKERS LU 91 WELFARE","INTERNATIONAL ASSOCIATION OF HEAT,FROST & ALLIED WORKERS LU 91 WELFARE",237086241,501,2024-01-01,HUDSON,"INTERNATIONAL ASSOCIATION OF HEAT,FROST & ALLIED WORKERS LU 91 WELFARE",9147880400,72,70,20251014120200NAL0001318099002
GRAPHIC COMMUNICATIONS INT'L UNION LOCAL 119B NY PRINTERS LEAGUE WELFARE TRUST FUND,BOARD OF TRUSTEES GRAPHICS COMM. INT'L UNION,135623497,501,2024-07-01,FARMINGDALE,,,69,54,20260415110300NAL0020850128003
INTERNATIONAL ASSOCIATION OF HEAT AND FROST INSULATORS AND ALLIED WORKERS LOCAL NO. 26 WELFARE PLAN,ALLIED WORKERS LOCAL NO. 26 WELFARE FUND,223050907,501,2025-01-01,ROCHESTER,,,61,52,20260825140930NAL0025844672001
LOCAL 6559 HEALTH BENEFITS FUND,LOCAL 6559,131985696,501,2024-06-01,PORT WASHINGTON,TRUSTEES OF THE LOCAL 6559 HEALTH BENEFITS FUND,5168836749,56,58,20260312130953NAL0006451985001
MAILERS'-PUBLISHERS' WELFARE TRUST FUND,MAILERS'-PUBLISHERS' WELFARE TRUST FUND,136094926,501,2025-01-01,WESTBURY,,,52,44,20260922082146NAL0020432994002
IRON WORKERS LOCAL 580 SHOP WELFARE FUND,BOARD OF TRUSTEES IRON WORKERS LOCAL 580 SHOP WELFARE FUND,135552901,501,2024-07-01,NEW YORK,,,40,34,20260317101118NAL0005098434001
HEALTH & WELFARE FUND LU 485,BOARD OF TRUSTEES HEALTH & WELFARE FUND LU 485,112026238,501,2024-05-01,NEW YORK,,,30,25,20260213170301NAL0001941506001
ALLIED INDUSTRIES LOCAL 427 WELFARE FUND,ALLIED INDUSTRIES LOCAL 427 WELFARE FUND,237170500,501,2024-10-01,NEW YORK,,,24,11,20260713173457NAL0000660240002
DISTRICT 6 HEALTH PLAN,BOARD OF TRUSTEES C/O AMALGAMATED EMP BENEFITS ADMIN.,133449870,501,2024-09-01,WHITE PLAINS,,,18,74,20260609154757NAL0004768177001
BREWERY WORKERS LOCAL 1149 WELFARE FUND,BREWERY WORKERS LOCAL 1149 WELFARE FD,161119654,501,2025-01-01,BALDWINSVILLE,,,11,0,20260721083328NAL0012766624001
PROBJPY02T12,GURUPRASAD SRIHARI,273640652,042,2013-01-01,,,,8,4,20260304094451NAL0003035793001
INTERNATIONAL LONGSHOREMAN ASSOCIATION LOCAL 3 WELFARE FUND,TRUSTEES OF INTERNATIONAL LONG- SHOREMAN ASSOC LOCAL 3 WELFARE FUND,136119210,501,2024-10-01,NEW YORK,,,6,6,20260714113340NAL0001445537001
PROBUSJPY20T24,GURUPRASAD SRIHARI,273640652,070,2020-01-10,,,,6,4,20260304041119NAL0006993106001
PROBUSBRANDAUY18T23,GURUPRASAD SRIHARI,476431100,120,2018-01-01,,,,6,6,20260327063821NAL0007035616001
LOCAL 33 SAFETY PROFESSIONALS OF AMERICA HEALTH FUND,LOCAL 33 SAFETY PROFESSIONALS OF AMERICA HEALTH FUND,475262447,501,2024-07-01,HOWARD BEACH,,,2,1,20251122091812NAL0004541907001
NYPTA HEALTH BENEFITS PLAN,"NEW YORK PRODUCE TRADE ASSOCIATION, INC.",136203273,501,2024-01-01,BRONX,,,1,1,20250731092824NAL0005812913001
NEW YORK STATE NURSES ASSOCIATION BENEFITS FUND BRIDGE TO MEDICARE HEALTH REIMBURSEMENT ARRANGEMENT PLAN,BOARD OF TRUSTEES - NEW YORK STATE NURSES ASSOCIATION BENEFITS FUND,237336001,502,2024-01-01,ALBANY,,,0,0,20251010144732NAL0004719011001
WELFARE PLAN 2025,AP PROFESSIONALS/CONSILIUM1,161510964,501,2025-01-01,WILLIAMSVILLE,,,0,291,20260710113400NAL0001618176001
MINOR LEAGUE BASEBALL PLAYERS HEALTH PLAN,OFFICE OF THE COMMISSIONER OF BASEBALL,131665347,506,2024-04-01,NEW YORK,,,0,6998,20251222102344NAL0009618609001
"HEALTH AND WELFARE PLAN LOCAL NO 854, IBT","BOARD OF TRUSTEES OF HEALTH AND WELFARE PLAN LOCAL NO. 854, IBT",111774226,501,2024-05-01,NEW YORK,,,0,0,20260204145002NAL0005899378001
