plan_name,sponsor,ein,pn,plan_year_begin,city,administrator,admin_phone,participants_boy,active,ack_id,retirees_receiving,beneficiaries_receiving,benefits_paid,avg_monthly_benefit
LEGACY PLAN OF THE NATIONAL RETIREMENT FUND,BD OF TRUSTEES-LEGACY PLAN OF THE NATIONAL RETIREMENT FUND,136130178,001,2024-01-01,WHITE PLAINS,AMALGAMATED EMPLOYEE BENEFITS ADMINISTRATORS,9143675000,201048,8379,20251015153816NAL0006789472001,86306,2931,156996436,147
1199SEIU HEALTH CARE EMPLOYEES PENSION FUND,BOARD OF TRUSTEES OF 1199SEIU HEALTH CARE EMPLOYEES PENSION FUND,133604862,001,2024-01-01,NEW YORK,,,289935,115036,20251015155523NAL0005344769001,82266,11294,1153470407,1027
BUILDING SERVICE 32BJ PENSION FUND,BOARD OF TRUSTEES OF THE BUILDING SERVICE 32BJ PENSION FUND,131879376,001,2024-07-01,NEW YORK,,,118763,53782,20260415124920NAL0017004529001,35057,12395,332619870,584
1199SEIU HOME CARE EMPLOYEES PENSION FUND,BOARD OF TRUSTEES OF THE 1199SEIU HOME CARE EMPLOYEES PENSION FUND,133943904,001,2024-01-01,NEW YORK,,,97338,31389,20251015185631NAL0007212400001,32333,1577,30591001,75
THE LEGACY PLAN OF THE UNITE HERE RETIREMENT FUND,BOARD OF TRUSTEES - LEGACY PLAN OF THE UNITE HERE RETIREMENT FUND,820994119,001,2024-01-01,WHITE PLAINS,AMALGAMATED EMPLOYEE BENEFITS ADMINISTRATORS,9143675000,89339,16770,20251008092618NAL0003156083001,27230,2432,126375110,355
"NEW YORK HOTEL TRADES COUNCIL AND HOTEL ASSOCIATION OF NEW YORK CITY, INC. PENSION FUND",BOARD OF TRUSTEES,131764242,001,2024-01-01,NEW YORK,,,52508,27574,20251015142936NAL0010073090002,18708,418,180451752,786
AMERICAN FEDERATION OF MUSICIANS AND EMPLOYERS' PENSION FUND AND SUBSIDIARY,BOARD OF TRUSTEES OF THE AMERICAN FEDERATION OF MUSICIANS AND EMPLOYE,516120204,001,2024-01-01,NEW YORK,,,51986,19513,20251015074921NAL0002078915001,16464,2783,246641511,1068
THE RETIREMENT PLAN OF THE AMALGAMATED INSURANCE FUND,BOARD OF TRUSTEES - THE RETIREMENT PLAN OF THE AMALGAMATED INS. FUND,134920446,001,2024-01-01,WHITE PLAINS,AMALGAMATED EMPLOYEE BENEFITS ADMIN,9143675000,19780,0,20251015083637NAL0002113427001,15226,679,14882968,78
"PENSION, HOSPITALIZATION & BENEFIT PLAN OF THE ELECTRICAL INDUSTRY - PENSION TRUST ACCT","BD OF TR OF THE PENSION, HOSP & BENEFIT PL OF THE ELEC IND-PENSION",136123601,001,2024-10-01,FLUSHING,JOINT INDUSTRY BOARD OF THE ELECTRICAL INDUSTRY,7185912000,41042,15733,20260713142537NAL0000379744001,13579,2508,337687665,1749
AFTRA RETIREMENT PLAN,"BOARD OF TRUSTEES, AFTRA RETIREMENT PLAN",136414972,001,2024-12-01,NEW YORK,,,45395,16456,20260915183540NAL0001707891001,13135,1868,233529020,1297
NEW YORK STATE NURSES ASSOCIATION PENSION PLAN,BOARD OF TRUSTEES-NEW YORK STATE NURSES ASSOCIATION PENSION PLAN,136604799,001,2024-01-01,ALBANY,,,44283,22140,20251015092915NAL0002169731001,12926,974,319292602,1914
NEW YORK STATE TEAMSTERS CONFERENCE PENSION & RETIREMENT FUND,TRUSTEES OF NYS TEAMSTERS CONFERENCE,166063585,074,2024-01-01,SYRACUSE,,,33330,9102,20251015151533NAL0002650899001,12362,3852,314683368,1617
NEW YORK DISTRICT COUNCIL OF CARPENTERS PENSION PL,BOARD OF TRUSTEES OF NYCDCC PENSION FUND,510174276,001,2024-07-01,NEW YORK,BOARD OF TRUSTEES OF NYCDCC PENSION FUND,2123667300,31423,10331,20260326132323NAL0007594722001,12137,3152,360320804,1964
EQUITY-LEAGUE PENSION TRUST FUND,BOARD OF TRUSTEES OF THE EQUITY-LEAGUE PENSION TRUST FUND,136696817,001,2024-06-01,NEW YORK,BOARD OF TRUSTEES OF THE EQUITY-LEAGUE PENSION TRUST FUND,2128699380,46350,22180,20251203150200NAL0000495955001,9240,588,108133901,917
THE CULTURAL INSTITUTIONS PENSION PLAN,THE CULTURAL INSTITUTIONS RETIREMENT SYSTEM,112001170,001,2024-07-01,NEW YORK,,,24083,6910,20260415153944NAL0011859523001,8182,1601,117028297,997
UFCW LOCAL ONE PENSION FUND,BRD OF TTEES UFCW LOCAL ONE PENSION FUND,166144007,001,2024-01-01,ORISKANY,,,18493,193,20251015163713NAL0002644259002,7613,902,50249889,492
IUE-CWA PENSION PLAN,TRUSTEES OF IUE- CWA AFL-CIO PENSION FUND,226250252,001,2024-01-01,WHITE PLAINS,,,12843,387,20260507151807NAL0003748016001,6824,1223,35099101,363
NURSES AND LOCAL 813 IBT RETIREMENT PLAN,BOARD OF TRUSTEES OF NURSES AND LOCAL 813 IBT RETIREMENT PLAN,133628926,001,2024-01-01,LONG ISLAND CITY,,,14703,2162,20251013103620NAL0000494931001,6338,583,49983183,602
DIVISION 1181 ATU - NY EMPLOYEES PENSION FUND AND PLAN,BOARD OF TRUSTEES OF DIVISION 1181 ATU - NY EMPLOYESS PENSION FUND AND,116183515,001,2024-09-01,VALLEY STREAM,NEIL STRAHL,7188455800,13861,6149,20260612130703NAL0019431186002,5979,433,65844570,856
LOCAL 338 RETIREMENT FUND,TRUSTEES LOCAL 338 RETIREMENT FUND,136533678,001,2024-01-01,MINEOLA,,,17233,1749,20251014161401NAL0003258129002,5904,412,50599464,668
UFCW LOCAL 1500 PENSION PLAN,BOARD OF TRUSTEES U.F.C.W. LOCAL 1500 PENSION FUND,237176372,001,2024-01-01,WESTBURY,UFCW LOCAL 1500 PENSION FUND,5162141300,31448,3314,20251013161956NAL0003654018002,5444,437,38482282,545
THE ADJUSTABLE PLAN OF THE UNITE HERE RETIREMENT,BOARD OF TRUSTEES - ADJUSTABLE PLAN OF THE UNITE HERE RETIREMENT FUND,820994119,002,2024-01-01,WHITE PLAINS,AMALGAMATED EMPLOYEE BENEFITS ADMINISTRATORS,9143675000,61004,49655,20251008091734NAL0003152611001,5311,86,6236087,96
32BJ NORTH PENSION FUND,BOARD OF TRUSTEES 32BJ NORTH PENSION FUND,131819138,001,2025-01-01,NEW YORK,,,15472,5737,20260818171148NAL0018137760001,4678,1116,32514696,468
MASON TENDERS' DISTRICT COUNCIL PENSION FUND,BOARD OF TRUSTEES MASON TENDERS DISTRICT COUNCIL PENSION FUND,136190433,074,2024-01-01,NEW YORK,,,19575,8766,20251001112301NAL0031506898001,4544,1034,91613467,1369
LOCAL 153 PENSION FUND,JOINT BOARD OF TRUSTEES OF LOCAL 153 PENSION FUND,132864289,001,2024-01-01,NEW YORK,,,11851,1636,20251015125243NAL0002436147001,4453,367,29569328,511
EXCAVATORS UNION LOCAL 731 PENSION FUND,EXCAVATORS UNION PENSION FUND LOCA,131809825,002,2024-01-01,ASTORIA,,,11363,5553,20251009110031NAL0010819408003,4256,505,112736973,1973
32BJ SCHOOL WORKERS PENSION FUND,BOARD OF TRUSTEES OF THE 32BJ SCHOOL WORKERS PENSION FUND,131957585,001,2024-07-01,NEW YORK,,,14656,5309,20260415111241NAL0011731795001,3987,1053,32415106,536
ADJUSTABLE PLAN OF THE NATIONAL RETIREMENT FUND,BD OF TRUSTEES-ADJUSTABLE PLAN OF THE NATIONAL RETIREMENT FUND,136130178,002,2024-01-01,WHITE PLAINS,AMALGAMATED EMPLOYEE BENEFITS ADMINISTRATORS,9143675000,43076,28031,20251015102712NAL0009069794001,3169,21,2616248,68
SOFT DRINK AND BREWERY WORKERS UNION LOCAL 812 RETIREMENT FUND,BOARD OF TRUSTEES SOFT DRINK AND BREWERY WORKERS,135660090,001,2024-07-01,GREAT NECK,,,8124,1656,20260129161040NAL0009325570001,3001,696,55859676,1259
DC 37 LOCAL 389 HOME CARE EMPLOYEES PENSION FUND,DC 37 LOCAL 389 HOME CARE EMPLOYEES PENSION FUND,133698650,001,2024-01-01,NEW YORK,DC 37 -LOCAL 389 HOME CARE EMPLOYEES PENSION FUND,2129256033,7882,965,20251015103454NAL0002152755001,2992,224,6388935,166
I. A. T. S. E. NATIONAL PENSION FUND,BOARD OF TRUSTEES I.A.T.S.E. NATIONAL PENSION FUND,131849172,001,2024-01-01,NEW YORK,,,25113,15401,20251009113927NAL0011372912001,2938,600,28437140,670
1199 SEIU REGIONAL PENSION FUND,TRUSTEES OF 1199 SEIU REGIONAL PENSION FUND,161112391,001,2024-01-01,BUFFALO,,,12115,5171,20251013172037NAL0002468704004,2932,134,15047369,409
EMPLOYEES SECURITY FUND OF THE ELEC IND PENSION PLAN,JOINT PENSION COMM OF THE EES SEC FUND OF THE ELEC PROD IND,136100907,001,2024-01-01,FLUSHING,JOINT INDUSTRY BOARD OF THE ELECTRICAL INDUSTRY,7185912000,7530,1525,20251010094417NAL0007882513001,2874,546,11625420,283
"UNITED WIRE, METAL & MACHINE PENSION FUND",BOARD OF TRUSTEES OF U.W.M. & M. PENSION FUND,136596940,001,2024-01-01,LONG ISLAND CITY,,,5570,1045,20251015143950NAL0002584627003,2657,507,29483143,777
MASSACHUSETTS SERVICE EMPLOYEES' PENSION FUND,TRUSTEES OF MASSACHUSETTS SERVICE EMPLOYEES' PENSION FUND,046344921,001,2024-01-01,NEW YORK,,,21789,12582,20251013184048NAL0000905315001,2565,216,9617249,288
LOCAL 282 PENSION TRUST FUND,BOARD OF TRUSTEES OF LOCAL 282,116245313,001,2024-01-01,LAKE SUCCESS,,,7446,3000,20251013100203NAL0001664976009,2563,829,79739767,1959
"LAUNDRY, DRY CLEANING WORKERS & ALLIED INDUSTRIES RETIREMENT FUND, WORKERS UNITED","TRUSTEES OF THE LAUNDRY,DRY CLEANING WO RKERS AND ALLIED INDUSTRIES RE",135521921,001,2024-01-01,WHITE PLAINS,,,9398,1995,20251015132312NAL0002478547001,2540,176,9340684,287
LOCAL 272 LABOR MANAGEMENT PENSION FUND,BOARD OF TRUSTEES OF LOCAL 272 LABOR MANAGEMENT PENSION FUND,135673836,001,2024-12-01,NEW YORK,,,12698,4468,20260915175751NAL0003086753001,2512,696,19125634,497
TEAMSTERS LOCAL 210 AFFILIATED PENSION TRUST FUND,BOARD OF TRUSTEES TEAMSTERS LOCAL 210 AFFILIATED PENSION TRUST FUND,203856052,001,2024-01-01,NEW YORK,SAVASTA & COMPANY INC,2123084200,7549,994,20251015202514NAL0005816721001,2485,305,17177155,513
UPSTATE NEW YORK ENGINEERS PENSION FUND,BD OF TRUST UPSTATE NEW YORK ENGINEERS PENSION FUND,150614642,001,2024-04-01,SYRACUSE,,,6444,2462,20260108090533NAL0016547090001,2484,1207,41820668,944
SERVICE EMPLOYEES PENSION FUND OF UPSTATE NY UPSTATE NEW YORK,SERVICE EMPLOYEES PENSION FUND OF UPSTATE NY,160908576,001,2024-01-01,SYRACUSE,,,9043,3448,20250908102553NAL0012227539001,2387,301,12894251,400
LOCAL 295 I.B.T. EMPLOYER GROUP PENSION TRUST FUND,TRUSTEES OF LOCAL 295 I.B.T. EMPLOYER GROUP PENSION TRUST FUND,116172155,001,2024-07-01,NEW YORK,"SAVASTA AND COMPANY, INC.",2123084200,5541,1494,20260409080452NAL0015335650001,2298,327,43609860,1384
ROAD CARRIERS LOCAL 707 PENSION FUND,BOARD OF TRUSTEES OF THE ROAD CARRIERS LOCAL 707 PENSION FUND,516106510,001,2024-02-01,HEMPSTEAD,,,3892,133,20251114133203NAL0002428513001,2147,563,48920323,1504
UNITED TEAMSTER PENSION FUND A,BOARD OF TRUSTEES OF UNITED TEAMSTER PENSION FUND A,135660513,002,2024-01-01,BROOKLYN,,,6818,2004,20250929133858NAL0005058195002,2108,498,22322737,714
HOLLOW METAL PENSION FUND,HOLLOW METAL PENSION FUND,112758544,001,2024-01-01,NEW YORK,,,4399,363,20251013095553NAL0000461059001,1957,608,9101195,296
SHEET METAL WORKERS LOCAL UNION NO. 28 PENSION FUND,BOARD OF TRUSTEES OF SMW LU NO. 28 PENSION FUND,112480671,001,2024-01-01,MINEOLA,,,5572,1989,20251014085753NAL0002450497002,1775,253,18394442,756
"IRON WORKERS LOCALS 40, 361 & 417 PENSION FUND","BOARD OF TRUSTEES IRON WORKERS LOCALS 40, 361 & 417 PENSION FUND",516102576,001,2024-01-01,NEW YORK,,,4793,1826,20251009131528NAL0007046449001,1741,342,62761005,2511
CONSOLIDATED RETIREMENT PLAN,BOARD OF TRUSTEES CONSOLIDATED RETIREMENT FUND,133177000,001,2024-01-01,WHITE PLAINS,AMALGAMATED EMPLOYEE BENEFITS ADMIN,9143675000,4282,1042,20251014145359NAL0003081281001,1727,301,40110930,1648
LOCAL 807 LABOR MANAGEMENT PENSION FUND,BOARD OF TRUSTEES LOCAL 807 LABOR- MANAGEMENT PENSION FUND,516099111,002,2024-09-01,LONG ISLAND CITY,,,3413,411,20260330142848NAL0013420979001,1573,534,25047883,991
PENSION FUND LOCAL 445,LOCAL 445 PENSION FUND,131864489,001,2024-01-01,ROCK TAVERN,,,2854,398,20251008221848NAL0006339601001,1549,415,17906759,760
LOCAL 1102 RETIREMENT TRUST,LOCAL 1102 RETIREMENT TRUST,131847329,001,2025-01-01,WOODBURY,,,4459,77,20260722080846NAL0012200177001,1525,192,3213781,156
LOCAL 210'S PENSION PLAN,BD OF TRUSTEES LOCAL 210'S PENSION PLAN C/O SAVASTA AND COMPANY,132562528,001,2024-01-01,NEW YORK,JOINT BOARD OF TRUSTEES OF LOCAL 210S PENSION FUND,2123084200,3749,477,20251015091847NAL0005641888002,1519,171,5194486,256
ALA LITHOGRAPHIC INDUSTRY PENSION PLAN,BOARD OF TRUSTEES ALA LITHOGRAPHIC INDUSTRY PENSION PLAN,136615604,001,2024-01-01,NEW YORK,CYNTHIA HENDRICKSON,2124600800,2492,0,20251003100925NAL0002066048001,1455,445,7590314,333
METAL TRADES BRANCH LOCAL 638 PENSION FUND,METAL TRADES BRANCH LOCAL 638 PENSION FUND,132541630,001,2024-07-01,LONG ISLAND CITY,,,6195,3224,20260414080836NAL0015642033001,1362,27,56418450,3385
ELEVATOR DIVISION RETIREMENT BENEFIT PLAN,BOARD OF TRUSTEES ELEVATOR DIVISION RETIREMENT PLAN,133523453,001,2024-11-01,LONG ISLAND CITY,,,5089,1618,20260417135654NAL0039459826001,1288,0,8146420,527
PENSION PLAN PRIVATE SANITATION UNION LOCAL 813 IBT,BOARD OF TRUSTEES OF PENSION FUND PRIVATE SANITATION UNION LOCAL 813 I,131975659,001,2024-01-01,LONG ISLAND CITY,,,3333,490,20251013074942NAL0001486160001,1280,348,17751279,909
NEWSPAPER AND MAIL DELIVERERS' PUBLISHERS' PENSION FUND,BOARD OF TRUSTEES OF NEWSPAPER AND MAIL DELIVERERS' PUBLISHERS' PENSIO,136122251,001,2024-06-01,WESTBURY,MARSHALL AND MOSS,5163339010,2370,267,20260310074850NAL0003462225001,1228,311,12748532,690
PAVERS & ROAD BUILDERS DC PENSION FUND,PAVERS & ROAD BUILDERS DC PENSION,131990171,074,2024-01-01,WHITESTONE,,,3652,2120,20251009110017NAL0006484129007,1183,175,31291630,1920
LABORERS LOCAL 1298 OF NASSAU & SUFFOLK COUNTIES PENSION FUND,BOARD OF TRUSTEES LOCAL 1298 PENSION FUND,111970385,001,2024-07-01,HEMPSTEAD,,,3197,1224,20260414132904NAL0015922161001,1160,341,25291390,1404
STEAMFITTERS INDUSTRY PENSION FUND,BOARD OF TRUSTEES STEAMFITTERS INDUSTRY PENSION FUND,136149680,001,2024-01-01,LONG ISLAND CITY,,,4017,1980,20251015101054NAL0002220675001,1148,241,44218217,2653
CEMENT AND CONCRETE WORKERS DC PENSION FUND,BOARD OF TRUSTEES OF THE CEMENT AND CONCRETE WORKERS DC PENSION FD,135629824,001,2024-01-01,BAYSIDE,,,3041,863,20251003104857NAL0001281841001,1125,289,30228344,1781
PENSION FUND OF LOCAL NO. ONE OF I. A. T. S. E.,"BOARD OF TRUSTEES, PENSION FUND OF LOCAL NO. ONE OF I.A.T.S.E.",136414973,001,2024-01-01,NEW YORK,,,4164,2260,20251013113333NAL0000541235001,1116,326,40017534,2313
PENSION AND ANNUITY PLAN OF THE BRICKLAYERS PENSION FUND,BD OF TR OF THE PENSION AND ANNUITY PLAN OF BRICKLAYERS PENSION FUND,516135291,001,2024-01-01,REGO PARK,,,2721,917,20251007142108NAL0004710849001,1107,308,17861111,1052
IUOE LOCAL 30 PENSION FUND,BD OF TRUSTEES IUOE LOCAL 30 PENSION FUND,516045848,001,2025-01-01,WHITESTONE,,,4999,2533,20260724082929NAL0011483107003,1096,355,19938377,1145
LOCAL 580 PENSION FUND,BOARD OF TRUSTEES LOCAL 580 PENSION FUND,136178514,001,2024-01-01,NEW YORK,,,3293,1429,20251013110704NAL0001172369001,1058,236,33397617,2151
I. B. E. W. LOCAL 25 PENSION FUND,BOARD OF TRUSTEES I.B.E.W. LOCAL 25 PENSION FUND,116038558,001,2025-01-01,HAUPPAUGE,,,3483,1502,20260728144030NAL0020374961001,1050,413,20778865,1184
LOCAL 381 PENSION FUND,BOARD OF TRUSTEES LOCAL 381 PENSION,136119547,001,2024-01-01,MINEOLA,,,1953,64,20251013095157NAL0001062497001,1044,294,9236192,575
LOCAL 298 PENSION FUND,BOARD OF TRUSTEES OF LOCAL 298 PENSION FUND,116049445,001,2024-01-01,VALLEY STREAM,,,2467,522,20260212153539NAL0000317635001,1027,46,2031052,158
LOCAL 553 PENSION FUND,BOARD OF TRUSTEES OF LOCAL 553 PENSION FUND,136637826,001,2025-01-01,NEW YORK,,,1891,327,20260922104253NAL0008943681001,978,243,22691701,1549
LOCAL 91 PENSION FUND,LOCAL 91 PENSION FUND BOARD OF TRUSTEES,116218316,001,2025-01-01,WILLISTON PARK,,,4783,2397,20260716104311NAL0006044770001,967,98,5567241,436
METAL LATHERS LOCAL 46 PENSION FUND,BOARD OF TRUSTEES OF METAL LATHERS LOCAL 46 PENSION FUND,136106419,001,2024-01-01,WOODSIDE,,,2703,802,20250930085212NAL0012059761002,966,256,32397646,2209
IRON WORKERS DISTRICT COUNCIL OF WESTERN NEW YORK AND VICINITY PENSION PLAN,BOARD OF TRUSTEES OF IWDC OF WNY AND VICINITY PENSION PLAN,516077088,001,2024-07-01,ROCHESTER,,,2249,820,20260310110010NAL0004294770001,950,229,17381020,1229
LOCAL 670 PENSION PLAN,LOCAL 670 PENSION FUND,136567359,001,2024-01-01,NEW YORK,,,3449,1275,20251009110017NAL0006484129002,944,126,5963022,464
SPORTS ARENA EMPLOYEES LOCAL 137 RETIREMENT FUND,SPORTS ARENA EMPLOYEES LOCAL 137 RETIREMENT FUND,226073053,001,2024-01-01,NEW YORK,,,1292,0,20251014091304NAL0003457200004,943,0,5658030,500
32BJ CONNECTICUT PENSION FUND,BD OF TRUSTES 32BJ CONNECTICUT PENSION FUND,060909320,001,2025-01-01,NEW YORK,,,3634,1722,20260922204455NAL0009469297001,928,145,4365797,339
WESTCHESTER TEAMSTERS LOCAL 456 PENSION FUND,BOARD OF TRUSTEES LOCAL 456 PENSION FUND,136123973,001,2025-01-01,ELMSFORD,,,2207,880,20260731101823NAL0024471313001,824,7,17033356,1708
GENERAL BUILDING LABORERS' LOCAL 66 PENSION FUND,BOARD OF TRUSTEES GENERAL BUILDING LOCAL 66 PENSION FUND,111974385,001,2024-07-01,MELVILLE,,,1987,561,20251223151809NAL0011755345001,812,380,12745242,891
LOCAL 805 PENSION & RETIREMENT FUND,BOARD OF TRUSTEES LOCAL 805,131917612,001,2024-04-01,NEW YORK,,,1954,440,20260112161202NAL0015308723001,787,185,11876445,1018
LOCAL 584 PENSION TRUST FUND,BOARD OF TRUSTEES OF LOCAL 584 PENSION TRUST FUND,516123679,001,2024-04-01,NEW YORK,,,1961,315,20251208120158NAL0001725203005,774,273,13931995,1109
UPSTATE NEW YORK BAKERY DRIVERS AND INDUSTRY PENSION FUND,TRUSTEES OF THE UPSTATE NEW YORK BAKERY DRIVERS AND INDUSTRY PENSION F,150612437,001,2024-07-01,SYRACUSE,,,2296,555,20260302172150NAL0000892419002,770,240,9703768,801
LABORERS LOCAL 235 PENSION FUND,BOARD OF TRUSTEES LABORERS LOCAL 235 PENSION FUND,136186984,001,2025-01-01,ELMSFORD,,,1556,247,20260731110848NAL0021360707001,766,0,8878142,966
BUFFALO LABORERS PENSION FUND,BOARD OF TRUSTEES BUFFALO LABORERS PENSION FUND,160845094,002,2024-07-01,CHEEKTOWAGA,,,1708,622,20260414163105NAL0032743058001,761,171,11342328,1014
"RETIREMENT PLAN OF THE WINE, LIQUOR & DISTILLERY WORKERS UNION LOCAL 1D PENSION FUND",BD OF TRUSTEES RETIREMENT PLAN OF WLDW UNION LOCAL 1D,510164380,001,2024-01-01,BROOKLYN,,,2493,737,20251015073227NAL0004237457001,742,240,7175106,609
WESTCHESTER HEAVY CONSTRUCTION LABORERS LOCAL 60 PENSION FUND,BOARD OF TRUSTEES LOCAL 60 PENSION FUND,131962287,001,2024-01-01,HAWTHORNE,,,2334,1006,20251013213750NAL0001898929001,732,232,18117940,1566
IBEW LOCAL NO. 236 PENSION PLAN,IBEW LOCAL NO. 236 PENSION PLAN,141490934,001,2024-07-01,SCHENECTADY,,,2212,1135,20260411101555NAL0012439953002,731,0,16238534,1851
LOCAL 138 PENSION TRUST FUND,BOARD OF TRUSTEES OF LOCAL 138 PENSION TRUST FUND,116170655,001,2024-01-01,DEER PARK,,,1623,152,20251014165433NAL0001672643001,730,254,6910625,585
U.A. LOCAL 13 PENSION FUND,UNITED ASSOCIATED PENSION FUND LOCAL 13,160778864,001,2024-01-01,ROCHESTER,,,1388,582,20251006162842NAL0002250531001,713,0,21581169,2522
CONSTRUCTION & GENERAL LABORERS' LOCAL 190 PENSION FUND,CONSTRUCTION & GENERAL LABORERS' LOCAL 190 PENSION,061211087,001,2024-08-01,GLENMONT,,,2028,741,20260515101044NAL0007590003001,708,178,13572849,1277
PRESSROOM UNIONS PENSION TRUST FUND,PRESSROOM UNIONS PENSION TRUST FUND,136152896,001,2024-10-01,NEW YORK,PRESSROOM UNIONS PENSION TRUST FUND,2126458377,1200,18,20260715122326NAL0002904737001,702,310,12945623,1066
BAKERY DRIVERS LOCAL 802 PENSION FUND,BOARD OF TRUSTEES BAKERY DRIVERS LOCAL 802 PENSION FUND,516112573,001,2024-01-01,DEER PARK,,,1509,416,20251014171952NAL0007013762003,701,183,9681696,913
TWU-WESTCHESTER PRIVATE BUS LINES PENSION TRUST,TWU-WESTCHESTER PRIVATE BUS LINES PENSION TRUST,136580055,001,2024-01-01,WHITE PLAINS,,,1811,765,20251015135855NAL0005057889002,682,151,18197993,1821
PLUMBERS & STEAMFITTERS LOCAL 21 PENSION FUND,BOARD OF TRUSTEES P&S LOCAL 21 PENSION FUND,131847042,001,2024-07-01,PEEKSKILL,,,1829,644,20260414174112NAL0024144514001,679,181,19938934,1932
ROCHESTER LABORERS PENSION FUND,ROCHESTER LABORERS PENSION FUND,166014473,001,2025-01-01,ROCHESTER,,,1846,673,20260814101123NAL0009939059001,670,164,13940577,1393
U.A. PLUMBERS & STEAMFITTERS LOCAL 22 PENSION FUND,U.A. PLUMBERS & STEAMFITTERS LOCAL 22 PENSION FUND,160920434,001,2024-05-01,WEST SENECA,,,1926,851,20251113105557NAL0002646530001,669,202,22367746,2140
LOCAL 475 PENSION PLAN,BOARD OF TRUSTEES LOCAL 475 PENSION PLAN,132571151,002,2025-01-01,PELHAM,BOARD OF TRUSTEES LOCAL 475 PENSION,9147386555,1489,295,20260731101825NAL0023580129001,662,115,6341993,680
"POINTERS, CLEANERS, & CAULKERS PENSION FUND","BOARD OF TRUSTEES OF POINTERS,",133208565,001,2024-07-01,REGO PARK,,,1697,1591,20260414101148NAL0021728003001,659,93,17170303,1903
LOCAL 808 IBT PENSION PLAN,JOINT BOARD OF TRUSTEES OF LOCAL 808 IBT PENSION FUND,116204268,001,2024-10-01,CHAPPAQUA,,,1743,664,20260715144450NAL0003229265001,651,119,4613687,499
LOCAL 810 AFFLIATED PENSION PLAN,BOARD OF TRUSTEES OF LOCAL 810 AFFILIATED PENSION PLAN,116027518,001,2024-01-01,LONG ISLAND CITY,,,1413,145,20251015141926NAL0006395824001,649,157,10707786,1107
UFCW LOCAL 2013 PENSION PLAN,BOARD OF TRUSTEES UFCW LOCAL 2013 PENSION FUND,131975910,001,2024-01-01,BROOKLYN,,,1494,0,20250728145912NAL0000870403001,646,70,1605098,187
IBEW LOCAL NO. 86 PENSION FUND,IBEW LOCAL NO. 86 PENSION FUND BOARD OF TRUSTEES,166085820,001,2024-04-01,ROCHESTER,,,1719,727,20251208153325NAL0001801475001,645,127,16026270,1730
LOCAL 522 PENSION FUND,BOARD OF TRUSTEES OF LOCAL 522 PENSION FUND,116171611,001,2024-02-01,BROOKLYN,,,2451,846,20251110130701NAL0006045378001,638,174,6380143,655
32BJ/BROADWAY LEAGUE PENSION FUND,BOARD OF TRUSTEES OF THE 32BJ/BROADWAY LEAGUE PENSION FUND,131998219,001,2025-01-01,NEW YORK,,,2492,1142,20260802194443NAL0044152306001,634,110,4579015,513
IBEW LOCAL 43 & ELECTRICAL CONTRACTORS PENSION FUND,IBEW LOCAL 43 & ELECTRICAL CONTRACTORS PENSION FUND,166153389,001,2024-07-01,SYRACUSE,,,1974,925,20260311094942NAL0005516610002,631,95,14026915,1610
LOCAL 917 PENSION FUND,BOARD OF TRUSTEES LOCAL 917 PENSION FUND,136086164,001,2024-11-01,FLORAL PARK,,,1383,141,20260813175415NAL0011584977001,631,138,2556971,277
CENTRAL NEW YORK LABORERS' PENSION FUND,CENTRAL NEW YORK LABORERS' PENSION FUND BOARD OF TRUSTEES,156016579,001,2024-07-01,EAST SYRACUSE,,,1063,275,20260415135719NAL0011799603001,629,25,7755294,988
LOCAL 854 PENSION FUND,BOARD OF TRUSTEES OF LOCAL 854 PENSION FUND,112159181,001,2024-09-01,NEW YORK,,,2011,0,20260609192418NAL0004630403001,627,91,2277688,264
"PAPER PRODUCTS, MISC. CHAUFFEURS, WAREHOUSEMEN, HELPERS, MESSENGERS, PRODUCTION & OFFICE WORKERS PENSION FUND","BD OF TRUSTEES OF PAPER PRODUCTS, MISC. CHAUFFEURS, WAREHOUSEMEN, HELP",136567546,001,2024-01-01,LONG ISLAND CITY,,,1731,396,20251013092536NAL0000924737002,621,192,8570799,879
LOCAL 111 PENSION FUND,BOARD OF TRUSTEES OF LOCAL 111 PENSION FUND,111955247,001,2024-12-01,BROOKLYN,,,1621,360,20260914161049NAL0004098050001,620,138,4377096,481
IBEW LOCAL 1249 PENSION PLAN,IBEW LOCAL 1249 PENSION FUND BOARD OF TRUSTEES,156035161,001,2024-01-01,CICERO,,,5036,3156,20251002092318NAL0000189843001,609,118,20351624,2333
LOCAL 447 PENSION FUND,LOCAL 447 PENSION FUND BOARD OF TRUSTEES,136121590,001,2024-01-01,NEW YORK,,,961,0,20251003102934NAL0001244497002,593,99,3346048,403
LOCAL 1931 PENSION FUND,BOARD OF TRUSTEES OF LOCAL 1931 PENSION FUND,116169861,001,2024-01-01,VALLEY STREAM,,,1514,173,20260212161056NAL0000344435001,589,28,1598133,216
BAKERY DRIVERS LOCAL 550 AND INDUSTRY PENSION FUND,BD OF TRUSTEES BAKERY DRIVERS LOCAL 550 AND INDUSTRY PENSION FUND,136626195,001,2024-11-01,FLORAL PARK,,,1012,16,20260813104054NAL0009310595001,586,211,5318240,556
LOCAL 1034 PENSION FUND,BOARD OF TRUSTEES OF LOCAL 1034 PENSION FUND,136594795,001,2024-01-01,LONG ISLAND CITY,,,1265,94,20251013071928NAL0000893809004,583,160,7652693,858
INTERNATIONAL UNION OF OPERATING ENGINEERS LOCAL 14-14B PENSION FD,BOARD OF TRUSTEES I.U.O.E. LOCAL 14-14B PENSION FUND,112392157,001,2024-07-01,FLUSHING,,,1747,860,20260406101706NAL0006178577001,583,190,17347190,1870
LABORERS' LOCAL NO. 17 PENSION FUND,LABORERS' INTERNATIONAL UNION OF N.A. LOCAL NO. 17 PENSION FUND,146025196,001,2024-01-01,NEWBURGH,,,1466,651,20251015171511NAL0002801731008,549,0,9284557,1409
"BRICKLAYERS & ALLIED CRAFTWORKERS, LOC 2, ALBANY NY PENSION FUND","BOT BRICKLAYERS & ALLIED CRAFTWORKERS,L 2, ALBANY,NY PENS FD",146075802,001,2024-05-01,ALBANY,,,1453,470,20251121103710NAL0006385953001,546,126,10648790,1321
LOCAL 1922 PENSION FUND,BOARD OF TRUSTEES OF THE LOCAL 1922 PENSION FUND,516128660,001,2024-07-01,UNIONDALE,,,1080,115,20260415165230NAL0023709987003,533,0,1262155,197
TEAMSTERS LOCAL 277 PENSION,TEAMSTERS LOCAL 277 PENSION BOARD OF TRUSTEES,136696819,001,2024-03-01,HEMPSTEAD,,,1633,341,20251215145259NAL0000755299001,527,175,3482058,413
GRAPHIC COMMUNICATIONS INT'L UNION LOCAL 119B NY PRINTERS LEAGUE PENSION FUND,BOARD OF TRUSTEES GRAPHICS COMM. INT'L UNION,136415392,001,2024-07-01,EAST FARMINGDALE,,,938,22,20260414150301NAL0023954082001,525,232,6611697,728
LOCAL 1205 PENSION FUND,BOARD OF TRUSTEES OF LOCAL 1205 PENSION FUND,111880353,001,2024-01-01,FARMINGDALE,,,1681,720,20251014140200NAL0006211842001,519,93,9887643,1346
SDC-LEAGUE PENSION FUND,BOARD OF TRUSTEES SDC - LEAGUE PENSION FUND,136634482,001,2024-09-01,NEW YORK,,,2386,1252,20260612170302NAL0006683171002,515,45,5043832,751
TEAMSTERS LOCAL 819 PENSION FUND,TEAMSTERS LOCAL 819 PENSION FUND,132578837,001,2024-01-01,NEW YORK,,,1857,432,20251015143444NAL0005147329001,507,83,2702117,382
"PENSION PLAN OF THE IUOE LOCAL 137 137A 137B 137C 137R, AFL-CIO",BD OF TRUSTEES PENSION PLAN OF THE IUOE 137 137A 137B 137C 137R AFLCIO,131825849,001,2025-01-01,BRIARCLIFF MANOR,,,1422,619,20260728080138NAL0019082929001,505,165,13446357,1672
LOCAL 463 PENSION FUND,LOCAL 463 PENSION FUND BOARD OF TRUSTEES,111800729,001,2024-01-01,MELVILLE,,,1090,177,20251015100924NAL0004541121001,502,113,5712220,774
IBEW LOCAL UNION 363 PENSION,IBEW LU 363 PENSION,516041178,001,2024-01-01,HARRIMAN,,,1618,721,20251013194151NAL0003985938003,502,129,11381793,1503
LOCAL 816 LABOR & MANAGEMENT PENSION TRUST FUND,BOARD OF TRUSTEES OF LOCAL 816 LABOR AND MANAGEMENT PENSION TRUST FUND,131869789,001,2024-02-01,FLORAL PARK,,,1421,566,20251117162802NAL0000851411001,498,171,4731984,589
LOCAL NO. 41 IBEW PENSION PLAN,TRUSTEES OF LOCAL NO. 41 PENSION PLAN,160851799,001,2024-05-01,ORCHARD PARK,,,1357,675,20251126074507NAL0004494385001,492,97,13039791,1845
DIVISION A PENSION FUND,BOARD OF TRUSTEES DIVISION A PENSION FUND,132569697,001,2024-10-01,NEW YORK,,,1867,747,20260714103209NAL0000928259002,490,42,3883624,608
LOCAL 413 PENSION TRUST FUND,BOARD OF TRUSTEES LOCAL 413 PENSION TRUST FUND,136621330,001,2024-01-01,BROOKLYN,BOARD OF TRUSTEES LOCAL 413 PENSION TRUST FUND,7186242200,799,0,20251015165742NAL0005473841001,488,18,1113841,183
UNION MUTUAL FUND PENSION PLAN,BOARD OF TRUSTEES OF UNION MUTUAL FUND PENSION PLAN,226073058,001,2024-01-01,NEW YORK,SAVASTA AND COMPANY,2123084200,5164,1027,20251009154841NAL0006838225001,483,52,2677010,417
UNITED ASSOCIATION LOCAL 7 PENSION PLAN,UNITED ASSOCIATION LOCAL 7 PENSION PLAN,912055384,001,2024-06-01,LATHAM,,,1481,842,20260310113525NAL0004338018002,469,79,14707361,2237
PLUMBERS & STEAMFITTERS LOCAL 267 PENSION FUND,PLUMBERS 267 PENSION FUND LOCAL 267 PENSION FUND,150347955,001,2024-01-01,SYRACUSE,,,1338,617,20251015141412NAL0004795585001,468,103,11355189,1657
TEAMSTERS JOINT COUNCIL NO. 16 PENSION FUND,BOARD OF TRUSTEES OF TEAMSTERS JOINT COUNCIL NO. 16 PENSION FUND,135505746,002,2025-01-01,NEW YORK,,,969,252,20260915115454NAL0002955840001,461,98,3488172,520
RETIREMENT PLAN OF THE UNITE HERE INTERNATIONAL,BD OF TRUSTEES-RETIREMENT PLAN OF THE UNITE HERE INT'L AND LOCALS,863429387,001,2024-01-01,WHITE PLAINS,AMALGAMATED EMPLOYEE BENEFITS ADMIN,9143675000,1770,762,20251011152142NAL0008996801001,461,102,9525259,1410
SUBURBAN WHOLESALERS ASSOCIATION PENSION PLAN,TRUSTEE OF SUBURBAN WHOLESALERS ASSOCIATION PENSION PLAN,221972903,001,2024-04-01,WESTBURY,,,1038,0,20251023154027NAL0003961840001,461,155,1407727,190
AMALGAMATED RETAIL RETIREMENT FUND,TRUSTEES OF THE AMALGAMATED RETAIL RETIREMENT FUND,131599961,001,2024-01-01,NEW YORK,,,1379,20,20251015105028NAL0002275363001,458,57,2453333,397
LOCAL 1102 AMALGAMATED PENSION FUND,BOARD OF TRUSTEES OF LOCAL 1102 AMALGAMA,116189397,001,2025-01-01,WOODBURY,,,1612,313,20260721102925NAL0016050034001,456,49,2008716,331
PENSION FUND OF WARDROBE ATTENDANTS UNION LOCAL 764,BOARD OF TRUSTEES - PENSION FUND LOCAL 764,136137855,001,2025-01-01,NEW YORK,,,2497,1507,20260911122957NAL0007821760001,452,13,7967811,1428
STOREWORKERS RETIREMENT PLAN,LOCAL 1102 STOREWORKERS RETIREMENT PLAN,136415958,001,2025-01-01,WOODSBURY,,,886,0,20260722084402NAL0009232099001,440,35,470880,83
COMMUNICATIONS WORKERS LOCAL 1109 PENSION FUND,LOCAL 1109 PENSION FUND,226298155,001,2024-10-01,BROOKLYN,,,911,25,20260713142647NAL0000325105001,429,89,3255627,524
LABORERS LOCAL 785 PENSION PLAN,BOARD OF TRUSTEES OF LABORERS 785 PENSION PLAN,166062418,001,2024-01-01,ITHACA,,,1205,437,20250926164449NAL0010331440002,407,106,6318001,1026
TEAMSTERS BAKERY DRIVERS AND INDUSTRY PENSION FUND,BOARD OF TRUSTEE OF TEAMSTERS BAKERY DRIVERS AND INDUSTRY PENSION FUND,814551030,001,2024-01-01,FLORAL PARK,,,985,369,20251006080935NAL0008417554004,391,118,7195166,1178
LIQUOR SALESMENS UNION LOCAL 2 PENSION FUND,BOARD OF TRUSTEES OF THE LIQUOR SALESMENS UNION LOCAL 2 PENSION FUND,510156423,001,2024-01-01,STATEN ISLAND,,,1043,333,20251012092514NAL0000059939001,390,98,4658607,796
TILE LAYERS UNION LOCAL NO. 52 NY PENSION FUND,BOARD OF TRUSTEES TILE LAYERS UNION LOCAL NO. 52 NY PENSION FUND,135635004,001,2024-01-01,NEW YORK,TRUSTEES TILE LAYERS UNION LOCAL 52 NY PENSION FUND,2125055050,1821,923,20251015204006NAL0002874291001,379,91,5358129,950
LOCAL 803 PENSION FUND,BOARD OF TRUSTEES OF LOCAL 803 PENSION FUND,132851614,001,2024-01-01,NEW YORK,,,805,0,20251015123223NAL0006261952001,373,46,2431368,484
BAC LOCAL #5 NEW YORK PENSION PLAN,BAC LOCAL #5 NEW YORK PENSION PLAN,146016608,001,2024-01-01,REGO PARK,,,701,69,20251010152530NAL0004370739002,368,105,5214510,919
PLUMBERS LOCAL UNION NO. 200 PENSION FUND,PLUMBERS LOCAL UNION NO 200 PENSION FUND BOARD OF TRUSTEES,113125387,001,2024-07-01,RONKOMKOMA,PLUMBERS LOCAL UNION NO. 200 PENSION FUND,6317390020,1650,692,20260302194249NAL0001493825002,367,152,6615285,1062
PRESSMENS PUBLISHERS PENSION FUND,PRESSMENS PUBLISHERS PENSION FUND BOARD OF TRUSTEES,136121627,001,2024-04-01,NEW YORK,,,811,0,20260114171618NAL0017942515001,364,157,8879261,1420
SHEET METAL WORKERS' LOCAL NO. 40 PENSION FUND,BOARD OF TRUSTEES SHEET METAL WORKERS' LOCAL NO. 40 PENSION FUND,066157817,001,2024-01-01,NEW YORK,,,466,298,20251011073818NAL0008855761001,363,111,9335412,1641
LOCAL 1783 I.B.E.W. PENSION FUND,BOARD OF TRUSTEES OF LOCAL 1783 I.B.E.W. PENSION FUND,131889643,001,2024-01-01,NORTH WHITE PLAINS,,,841,74,20251015215112NAL0007379232003,361,0,2794799,645
IRON WORKERS LOCAL 580 SHOP PENSION FUND,BOARD OF TRUSTEES IRON WORKERS LOCAL 580 SHOP PENSION FUND,136613876,001,2024-07-01,NEW YORK,,,586,0,20260317152525NAL0002909299001,354,159,1595223,259
LOCAL 305 CIO PENSION FUND,JOINT BOARD OF TRUSTEES LOCAL 305 CIO PE,132864446,001,2024-01-01,MINEOLA,,,835,2,20251010183242NAL0004861075001,349,20,1909221,431
FULTON FISH MARKET PENSION FUND,BOARD OF TRUSTEES FULTON FISH MARKET PENSION FUND,516134362,001,2024-01-01,NEW YORK,"DANIEL H. COOK ASSOCIATES, INC.",2125055050,831,214,20250926132821NAL0004034947002,344,61,3746794,771
RETIREMENT AND PENSION PLAN FOR OFFICERS & EMPLOYEES OF THE NYCDCC AND RELATED ORGANIZATIONS,BD TRUSTEES RET AND PENSION PLAN FOR OFFICERS AND,510167964,001,2024-07-01,NEW YORK,,,670,41,20260408103832NAL0011125392001,332,58,11026522,2356
LOCAL 377 PENSION FUND,JOINT BOARD OF TRUSTEES OF LOCAL 377 PENSION FUND,136177810,001,2024-01-01,NEW YORK,,,1348,435,20251012124508NAL0000441201003,328,67,1013848,214
LOCAL 817 IBT PENSION FUND,THEATRICAL TEAMSTERS LOCAL 817 PENSION FUND,112610489,001,2024-01-01,GREAT NECK,,,2061,1251,20251015172813NAL0005523713001,323,112,26204822,5020
LOCAL 73 RETIREMENT FUND,LOCAL 73 RETIREMENT FUND,156016577,001,2024-01-01,OSWEGO,PATRICK CARROLL,3153431808,804,247,20250828095446NAL0010355201001,314,66,9629447,2112
BUFFALO CARPENTERS PENSION FUND,TRUSTEES OF BUFFALO CARPENTERS PENSION FUND,160847280,001,2024-06-01,CHEEKTOWAGA,,,558,0,20251219122134NAL0003390515001,310,118,2890510,563
LABORERS' LOCAL #157 PENSION FUND,LABORERS' LOCAL #157 PENSION FUND,146076460,001,2024-07-01,SCHENECTADY,MICHAEL P. BRADY,5183748872,1130,619,20260415141609NAL0023510355002,305,75,5437003,1192
INTERNATIONAL UNION OF ELECTRICAL LOCAL 431 PENSION FUND,LOCAL 431 PENSION FUND,136696565,001,2024-07-01,WHITE PLAINS,AMALGAMATED EMPLOYEE BENEFITS ADMINISTRATORS,9143675000,429,0,20260415143619NAL0023528179001,297,40,779971,193
SHEET METAL WORKERS' LOCAL 46 PENSION FUND,SHEET METAL WORKERS PENSION FUND 46,516123374,001,2024-07-01,ROCHESTER,,,869,381,20260320143831NAL0005327729002,296,55,9342128,2218
CEMENT MASONS LOCAL 780 PENSION FUND,CEMENT MASONS LOCAL 780 PENSION FUND,131626710,001,2024-01-01,BRONX,,,874,397,20251015101932NAL0002231795004,295,38,5889543,1474
PENSION FUND OF HEAT AND FROST INSULATORS LOCAL 12,BOARD OF TRUSTEES PENSION FUND OF HEAT AND FROST INSULATORS LOCAL 12,516045262,002,2025-01-01,LONG ISLAND CITY,,,910,396,20260730144051NAL0023443713001,295,86,6885579,1506
ELECTRICIAN'S RETIREMENT FUND,"THE BUILDING INDUSTRY ELECTRICAL CONTRACTORS ASSOCIATION, INC.",261140509,001,2024-01-01,HOLTSVILLE,"DICKINSON GROUP, LLC",5168339300,2115,921,20251014202215NAL0004898496002,288,55,4384570,1065
UNITED OPTICAL WORKERS LOCAL 408 PENSION FUND,BOARD OF TRUSTEES UNITED OPTICAL,131913618,001,2024-01-01,NEW YORK,,,436,0,20260902160301NAL0011329667001,287,33,328755,86
BOSTON NEWSPAPER RETIREMENT FUND,TRUSTEES OF BOSTON NEWSPAPER RETIREMENT FUND,046059447,001,2024-01-01,WHITE PLAINS,AMALGAMATED EMPLOYEE BENEFITS ADMINISTRATORS,9143675000,623,0,20251002132544NAL0000825024001,283,81,1388040,318
LABORERS LOCAL 91 PENSION PLAN,BOARD OF TRUSTEES LABORERS LOCAL NO. 91 PENSION FUND,516031768,001,2024-06-01,NIAGARA FALLS,,,589,156,20260227131509NAL0000168291001,282,86,7791095,1764
LOCAL 522 PENSION FUND ROOFERS DIVISION,JOINT B. OF TRUSTEES OF LOCAL 522 PENSION FUND ROOFERS DIVISION,116158900,001,2024-07-01,BROOKLYN,,,887,299,20260401111214NAL0001129009001,273,3,1173807,354
IRONWORKERS LOCAL NO. 6 PENSION PLAN,BOARD OF TRUSTEES IRONWORKERS LOCAL NO. 6 PENSION FUND,166085493,001,2024-06-01,WEST SENECA,,,515,0,20260126101508NAL0000630323001,271,123,2936242,621
MARBLE INDUSTRY PENSION TRUST FUND,BOARD OF TRUSTEES OF MARBLE,132967109,075,2024-01-01,NEW YORK,,,845,358,20251014140636NAL0006225922006,267,49,6766774,1784
LOCAL 868 I. B. OF T. PENSION FUND,BOARD OF TRUSTEES OF LOCAL 868 IBT PENSION FUND,132930439,001,2024-04-01,FLORAL PARK,,,926,176,20251218134215NAL0005417873002,266,40,716866,195
"PENSION FUND OF MOVING PICTURE MACHINE OPERATORS UNION OF GREATER NEW YORK, LOCAL 306",BOARD OF TRUSTEES PENSION FUND OF UNION OF GREATER NEW YORK LOCAL 306,136613842,001,2024-01-01,LYNBROOK,,,508,19,20251013170202NAL0002473200002,265,82,2378762,571
SHEET METAL WORKERS LOCAL UNION NO 71 PENSION PLAN,BOARD OF TRUSTEES SHEET METAL WORKERS LOCAL NO. 71 PENSION PLAN,166051585,001,2024-06-01,BUFFALO,,,782,334,20260303151137NAL0002099009002,255,59,3495495,928
ROOFERS LOCAL NO. 74/ NO. 203 PENSION PLAN,"BOARD OF TRUSTEES, ROOFERS LOCAL NO. 74/NO. 203 PENSION FUND",166062398,001,2024-07-01,WEST SENECA,,,833,322,20260414114507NAL0015849137001,254,85,5916311,1454
UNITED UNION OF ROOFERS - LOCAL 8 PENSION FUND,UNITED UNION OF ROOFERS - LOCAL 8 PENSION FUND - BOARD OF TRUSTEES,116003399,006,2024-01-01,LONG ISLAND CITY,,,1834,1195,20251015154614NAL0006660992002,249,38,3254186,945
I.B.E.W. LOCAL #910 PENSION FUND,TRUSTEES OF THE I.B.E.W. LOCAL 910 PENSION FUND,166149240,001,2024-07-01,WATERTOWN,TRUSTEES OF THE I.B.E.W. LOCAL 910 PENSION FUND,3157825941,715,334,20260414160021NAL0019793888001,248,21,4901163,1518
BRICKLAYERS & ALLIED CRAFTWORKERS LOCAL 3 NY ROCHESTER CHAPTER PENSION FUND,JOINT BOARD OF TRUSTS-BRICKLAYERS & ALLIED CRAFTWORKERS LO3 NY ROCH PE,166019479,001,2024-01-01,ROCHESTER,,,853,304,20250909094045NAL0043161410002,247,77,4408648,1134
ALLIED INDUSTRIES PENSION PLAN,ALLIED INDUSTRIES PENSION FUND LOCAL 427,226195465,001,2024-01-01,NEW YORK,,,480,40,20251015113624NAL0004730465003,246,52,1123365,314
TREASURERS AND TICKET SELLERS LOCAL 751 PENSION FUND,TREASURERS & TICKET SELLERS LOCAL 751 PENSION FUND BD OF TRUSTEES,136164776,001,2024-09-01,NEW YORK,,,676,345,20260414100228NAL0010997523001,239,42,8506050,2523
CEMETERY WORKERS SUPPLEMENTAL PENSION PLAN,TRUSTEES OF THE CEMETERY WORKERS SUPPLEMENTAL PENS-,112416101,001,2024-01-01,LONG ISLAND CITY,,,648,0,20251013103113NAL0001720688001,238,79,1979562,520
LOCAL 6559 PENSION FUND,LOCAL 6559 PENSION FUND,136608700,002,2024-05-01,PORT WASHINGTON,TRUSTEES-LOCAL 6559 PENSION FUND,5168836749,896,328,20260123160025NAL0010206784001,236,18,463747,152
GRAPHIC COMMUNICATIONS UNION LOCAL 51 BINDERY EMPLOYERS PENSION FUND,GCU L 51 BINDERY EMPLOYERS PENSION FUND BINDERY EMPLOYERS PENSION FUND,136415834,001,2024-08-01,NEW YORK,,,294,0,20260513100030NAL0015051554001,235,26,247833,79
BRICKLAYERS & ALLIED CRAFTWORKERS LOCAL NO 3 NY NIAGARA FALLS-BUFFALO CHAPTER PENSION PLAN,TRUSTEES OF BRICKLAYERS & ALLIED CRAFT WORKERS LO 3 NY NIAGARA FALLS-B,160849723,001,2024-06-01,BUFFALO,,,670,218,20260216164643NAL0006726306001,234,57,4026450,1153
LABORERS' INT'L UNION OF NA LOCAL 1822 PENSION FUN,TRUSTEES OF LABORERS INT'L UNION OF NA LOCAL UNION NO. 1822 PENSION FU,166147773,001,2024-01-01,SYRACUSE,,,507,129,20251013140821NAL0000691379002,220,62,3578908,1058
IBEW LOCAL 325 PENSION FUND,TRUSTEES OF IBEW LOCAL 325 PENSION FUND,166098105,001,2024-09-01,BINGHAMTON,,,602,253,20260612095538NAL0005752403001,211,43,5573496,1829
PLUMBERS & STEAMFITTERS PENSION FUND LOCAL UNION 373,BOARD OF TRUSTEES LOCAL UNION 373 U.A. PENSION FUND,131758289,001,2024-01-01,MOUNTAINVILLE,THOMAS GANDOLFINI,8455349522,632,228,20251013141829NAL0000705859001,205,59,4908040,1549
"IUOE LOCAL 295-295B,C PENSION FUND","BOARD OF TRUSTEES, IUOE LOCAL 295-295B,C PENSION FUND",116042885,001,2025-01-01,MASPETH,,,954,324,20260729140910NAL0021172257001,203,72,5067372,1536
DRYWALL PENSION FUND,BOARD OF TRUSTEES DRYWALL PENSION FUND,133875056,001,2024-01-01,LONG ISLAND CITY,,,1158,941,20251009120509NAL0003891379002,186,23,5201506,2074
UNITED ASSOCIATION PLUMBERS LOCAL 773 PENSION PLAN,TRUSTEES OF PLUMBERS LOCAL 773 PENSION PLAN,237114547,001,2024-06-01,GLENS FALLS,LOCAL UNION 773 PENSION FUND,5187920586,589,282,20260309171242NAL0002482401001,180,44,5195436,1933
LABORERS LOCAL 754 PENSION PLAN,TRUSTEES OF LABORERS LOCAL 754 PENSION PLAN,131895922,002,2024-07-01,CHESTNUT RIDGE,,,576,285,20260410150048NAL0013690001001,179,54,4992199,1785
LOCAL 840 I. B. OF T. PENSION FUND,BOARD OF TRUSTEES OF LOCAL 840 I. B. OF T. PENSION FUND,136304568,001,2024-01-01,BROOKLYN,,,756,168,20250930120842NAL0005482227003,178,13,1304716,569
LOCAL 74 USWU PENSION FUND,BOARD OF TRUSTEES LOCAL 74 USWU PENSION FUND,271247066,001,2024-01-01,LONG ISLAND CITY,BOARD OF TRUSTEES LOCAL 74 USWU PENSION FUND,7187297400,428,15,20251014141213NAL0001520947002,169,12,744625,343
PRODUCTION WORKERS PENSION FUND,PRODUCTION WORKERS PENSION FUND,131976397,001,2024-01-01,NEW YORK,,,295,0,20251015184914NAL0007200912001,169,45,2037659,793
IBEW LOCAL UNION NO. 237 PENSION PLAN,IBEW LOCAL UNION NO. 237 PENSION PLAN,166094914,001,2024-01-01,NIAGARA FALLS,,,429,221,20251010125347NAL0004257027003,158,39,5920944,2505
SHEET METAL WORKERS LOCAL 112 PENSION PLAN,BOARD OF TRUSTEES SHEET METAL WORKERS LOCAL 112 PENSION PLAN,166052226,001,2024-11-01,ELMIRA,,,505,250,20260812120902NAL0010416208002,158,30,2519589,1117
OFFICE & PROFESSIONAL EMPLOYEES IU PENSION PLAN,OFFICE & PROFESSIONAL EMPLOYEES INTERNATIONAL UNION,530175463,001,2025-01-01,NEW YORK,RETIREMENT COMMITTEE OPEIU,2123670902,374,96,20260917085546NAL0002682915001,155,36,6585696,2873
I.B.E.W. LOCAL 139 PENSION PLAN,BOARD OF TRUSTEES OF IBEW LOCAL 139 PENSION,516029960,001,2024-07-01,ELMIRA,,,432,217,20260131133426NAL0013178706001,155,24,2666572,1241
MATERIAL YARD WORKERS LOCAL NO. 1175 PENSION FUND,BOARD OF TRUSTEES OF MATERIAL YARD WORKERS LOCAL NO. 1175 PENSION PLAN,136125828,001,2024-07-01,ASTORIA,,,606,214,20251015115139NAL0002357699002,155,49,1424739,582
RETIREMENT PLAN OF WHOLESALE WINE SALESMEN'S PENSION FUND,BOARD OF TRUSTEES OF RETIREMENT PLAN OF THE WHOLESALE WINE SALESMEN PE,510157873,001,2024-01-01,STATEN ISLAND,,,718,354,20251014191637NAL0007226530002,150,37,1654012,737
LOCAL 76 RESORT HOTEL INDUSTRY PENSION PLAN,BOARD OF TRUSTEES LOCAL 76 RESORT HOTEL INDUSTRY,516120687,001,2024-05-01,LIBERTY,,,269,0,20260216193007NAL0006418690001,147,16,421092,215
ROOFERS LOCAL UNION NO. 22 PENSION FUND,ROOFERS LOCAL UNION NO. 22 PENSION BOARD OF TRUSTEES,046698212,001,2024-05-01,ROCHESTER,,,534,250,20260204102811NAL0005594352001,145,20,1829548,924
MOTION PICTURE LAB TECH LOCAL 702 PENSION FUND,MOTION PICTURE LAB TECH LOCAL 702 PENSION FUND,131815996,001,2024-01-01,GARDEN CITY,,,163,0,20251014120202NAL0001345715002,143,0,217707,127
LOCAL 804 PENSION FUND,BOARD OF TRUSTEES OF LOCAL 804 PENSION F,116077200,001,2025-01-01,PORT WASHINGTON,,,248,0,20260901162105NAL0008669664001,142,17,775549,406
PERISHABLE FOOD INDUSTRY PENSION FUND,BOARD OF TRUSTEES OF PERISHABLE FOOD INDUSTRY PENSION FUND,136100245,001,2024-01-01,NEW YORK,,,393,114,20250827154716NAL0005050211001,133,10,1338115,780
"DERRICKMENS PENSION FUND, LOCAL 197","BD OF TR DERRICKMENS PENSION FUND, LOCAL 197",136121370,001,2024-01-01,NEW YORK CITY,,,289,136,20251014114644NAL0003827952001,130,26,3197843,1708
LOCAL 29 R.W.D.S.U. PENSION FUND,BOARD OF TRUSTEES OF LOCAL 29 R.W.D.S.U. PENSION FUND,132669167,001,2025-01-01,NEW YORK,"SAVASTA AND COMPANY, INC.",2123084200,210,0,20260902130408NAL0009877488001,127,16,211890,123
LOCAL NO. 8 RETIREMENT FUND,LOCAL NO. 8 RETIREMENT FUND,516135501,001,2024-01-01,WHITE PLAINS,,,609,278,20251007174006NAL0005135169002,127,36,3503000,1791
I.B.E.W. LOCAL NO. 106 PENSION PLAN,LOCAL UNION 106 IBEW,166126150,001,2024-07-01,JAMESTOWN,,,348,155,20260407130856NAL0009147056001,119,19,2914376,1760
ROOFERS LOCAL 195 PENSION FUND,ROOFERS LOCAL 195 PENSION FUND,166158018,001,2024-07-01,LIVERPOOL,,,233,0,20260218093309NAL0009420386002,117,35,771888,423
RETIREMENT PLAN OF LOCAL 1102 RETIREMENT FUND,LOCAL 1102 RETIREMENT FUND,135669982,001,2025-01-01,WOODBURY,,,220,0,20260722084403NAL0011903569001,115,19,202214,126
LOCAL ONE PHOTOENGRAVERS PENSION FUND,BOARD OF TRUSTEES OF LOCAL ONE PHOTOENGRAVERS PENSION FUND,134200325,001,2024-01-01,NEW YORK,CYNTHIA HENDRICKSON,2125984100,284,0,20251003102934NAL0001244497001,115,89,339310,139
LOCAL 150 HOTEL AND INDUSTRY PENSION PLAN,LOCAL 150 HOTEL AND INDUSTRY PENSION FUND,156025164,001,2024-01-01,HUDSON,,,221,0,20251014140055NAL0001466227001,107,5,141949,106
LOCAL 74 METAL SPINNERS RETIREMENT FUND,BOARD OF TRUSTEES OF LOCAL 74 METAL SPINNERS RETIREMENT FUND,136608708,001,2024-01-01,LONG ISLAND CITY,BOARD OF TRUSTEES OF LOCAL 74 METAL SPINNERS RETIREMENT FUND,7187297400,170,0,20251013092030NAL0000920209001,102,24,368617,244
LOCAL 1430 I.B.E.W. PENSION FUND,BOARD OF TRUSTEES OF THE LOCAL 1430 I.B.E.W. PENSION FUND,136367144,001,2024-07-01,ARMONK,,,377,36,20260414204734NAL0024397282001,102,0,487311,398
PAPER HANDLERS'-PUBLISHERS' PENSION FUND,BOARD OF TRUSTEES OF THE PAPER HANDLERS'-PUBLISHERS',136104795,001,2024-04-01,WESTBURY,,,206,0,20260114110830NAL0015286177001,101,57,2041957,1077
ROOFERS LOCAL NO. 241 PENSION FUND,ROOFERS LOCAL NO. 241 PENSION FUND,516125180,001,2024-07-01,ALBANY,,,359,202,20260403133312NAL0001726531002,101,26,1690352,1109
STONE SETTERS PENSION FUND LOCAL 84,BOARD OF TRUSTEES OF STONE SETTERS,136121379,001,2024-01-01,NEW YORK,,,261,88,20251014140636NAL0006225922008,97,22,2613391,1830
"UNITED UNION OF ROOFERS, WATERPROOFERS & ALLIED WORKERS, LOCAL 154 PENSION FUND",BOARD OF TRUSTEES LOCAL 154 PENSION FUND,111982624,001,2024-01-01,HAUPPAUGE,,,364,173,20251015162702NAL0006919728002,93,22,1303223,944
EMPLOYEE PENSION BENEFIT PLAN LOCAL 640 IATSE,BOARD OF TRUSTEES EMPLOYEE PENSION BENEFIT PLAN LOCAL 640 I.A.T.S.E.,116009100,001,2024-07-01,NEW YORK,,,123,0,20260127140958NAL0001546419001,92,0,319024,289
BOARD OF TRUSTEES OP PLASTERERS & CEMENT MASONS L262 PENSION,BOARD OF TRUSTEES OP PLASTERERS & CEMENT MASONS L262 PENSION,136369468,001,2024-01-01,BRONX,,,557,260,20251015102947NAL0002146611001,90,8,446144,379
EMPLOYEES' RETIREMENT PLAN OF ALBANY AREA COMMERCIAL PRINTERS,ALBANY AREA COMMERCIAL PRINTERS,146013869,001,2024-07-01,NEW YORK,CYNTHIA HENDRICKSON,2124600800,140,0,20251222163833NAL0015842800001,88,23,303328,228
UNITED PLANT & PRODUCTION WORKERS LOCAL 175 PENSION FUND,BOARD OF TRUSTEES OF UNITED PLANT PRODUCTION WORKERS L175 PENSION FD,203143185,001,2024-07-01,ROSLYN HEIGHTS,,,479,354,20260407114512NAL0009085840004,85,4,3184327,2982
MOSAIC & TERRAZZO PENSION FUND,THE BOARD OF TRUSTEES OF THE MOSAIC TERRAZZO PENSION FUND,135676829,001,2024-01-01,LONG ISLAND CITY,,,401,254,20251014180202NAL0001747507011,83,25,1619333,1249
LOCAL 531 PENSION FUND,BOARD OF TRUSTEES OF LOCAL 531 PENSION FUND,116170262,001,2024-01-01,BROOKLYN,,,106,0,20250916165914NAL0002187089001,81,19,366171,305
INTERNATIONAL UNION OF BRICKLAYERS AND ALLIED CRAFTSMEN LOCAL #8 PENSION PLAN,INTERNATIONAL UNION OF BRICKLAYERS AND ALLIED CRAFTSMEN LOCAL #8 PENSI,161077912,001,2024-05-01,ITHACA,,,250,101,20251126131049NAL0004672561003,81,13,1133384,1005
HEAT AND FROST INSULATORS AND ALLIED WORKERS LOCAL NO. 4 PENSION PLAN,JOINT BOARD OF TRUSTEES HEAT AND FROST INSULATORS AND ALLIED WORKER,161068939,001,2024-01-01,BUFFALO,,,231,79,20251010093008NAL0007869537007,80,28,2110810,1629
IBEW LOCAL 840 PENSION FUND,IBEW LOCAL 840 PENSION FUND BOARD OF TRUSTEES,166075984,001,2024-01-01,GENEVA,,,236,139,20250925094634NAL0019094450001,72,13,1457856,1429
AMALGAMATED TRANSIT WORKERS LOCAL 854 PENSION FUND,BD OF TRUSTEES AMALGAMATED TRANSIT WORKERS LOCAL 854 PENSION FUND,850774781,001,2024-06-01,VALLEY STREAM,,,1558,1207,20260313143151NAL0007766529003,72,1,324376,370
"INTERNATIONAL ASSOCIATION OF HEAT, FROST INSULATORS & ALLIED WORKERS LU 91 PENSION FUND","INTERNATIONAL ASSOCIATION OF HEAT,FROST INSULATORS & ALLIED WORKERS LU",136376169,001,2024-01-01,HUDSON,"INTERNATIONAL ASSOCIATION OF HEAT,FROST INSULATORS & ALLIED WORKERS LU",9147880500,183,66,20251015150203NAL0006699984003,71,23,2905595,2576
ALLIED SECURITY PENSION FUND,BOARD OF TRUSTEES OF ALLIED SECURITY PENSION FUND,112528660,001,2024-01-01,MINEOLA,,,285,79,20251015160202NAL0002596691006,71,7,305470,326
RETAIL LOCAL 906 AFL-CIO PENSION PLAN,RETAIL LOCAL 906,136202748,001,2024-01-01,NEW YORK,,,183,0,20251011095349NAL0013796752001,59,10,47464,57
I.B.E.W. LOCAL 241 PENSION PLAN,BOARD OF TRUSTEES OF I.B.E.W. LOCAL 241 PENSION PLAN,166118689,001,2024-06-01,ITHACA,,,243,128,20251223114625NAL0017691712001,56,9,1111028,1424
IBEW LOCAL 1799 PENSION FUND,BOARD OF TRUSTEES FOR THE IBEW LOCAL 1799 PENSION,146065199,001,2024-01-01,SARATOGA SPRINGS,,,159,0,20251008151024NAL0003101187001,53,7,218433,303
PLASTERERS & CEMENT MASONS LOCAL 40 PENSION FUND,PLASTERERS & CEMENT MASON LOCAL 40 PENSION FUND,516098177,001,2024-07-01,BRONX,,,190,109,20260414152501NAL0024661328004,53,5,649255,933
ASBESTOS WORKERS SYRACUSE PENSION FUND,ASBESTOS WORKERS SYRACUSE PENSION FUND,156022550,001,2024-01-01,EAST SYRACUSE,,,158,70,20251015120550NAL0009487378001,50,17,1031414,1283
INTL ASSN OF HEAT & FROST INSULATORS & ALLIED WORKERS LOCAL NO. 26 PENSION PLAN,INTL ASSN OF HEAT & FROST INSULATORS & A WORKERS LOCAL NO. 26 PENSION,166028820,001,2024-09-01,ROCHESTER,,,128,49,20260428164848NAL0015408640003,47,20,902513,1123
LOCAL 1814 RIGGERS PENSION FUND,BOARD OF TRUSTEES LOCAL 1814 RIGGERS PENSION FUND,516097308,001,2024-01-01,STATEN ISLAND,,,71,1,20251015203023NAL0007279296005,44,16,476799,662
CEMETERY EMPLOYER ASSOCIATION UNION PENSION PLAN,CEMETERY EMPLOYER ASSOCIATION UNION PENSION PLAN TRUSTEES,050531461,001,2024-01-01,FLUSHING,,,136,39,20250813111947NAL0004846291001,43,15,184979,266
TEAMSTERS JOINT COUNCIL #46 PENSION FUND,TEAMSTERS JOINT COUNCIL #46,160810706,001,2024-01-01,BUFFALO,,,70,28,20250926121015NAL0004006451001,37,3,0,
MILK INDUSTRY OFFICE EMPLOYEES PENSION PLAN,BOARD OF TRUSTEES OF MILK INDUSTRY OFFICE EMPLOYEES PENSION FUND,136600669,001,2024-07-01,NEW YORK,,,70,0,20251011203850NAL0008653729001,33,5,0,
TEAMSTERS LOCAL 264 VAN DRIVERS PENSION FUND,VAN DRIVERS LOCAL 264 PENSION FUND,516092142,001,2024-07-01,CHEEKTOWAGA,,,0,0,20260302120010NAL0001597744001,28,11,227602,486
LOCAL 363 IBEW SUPPLY HOUSE EMPLOYEE PENSION FUND,LOCAL 363 IBEW SUPPLY HOUSE EMPLOYEE PENSION FUND TTEES,132972311,001,2024-01-01,HARRIMAN,,,104,0,20251013194655NAL0004070434001,25,3,0,
UFCW LOCAL 592 PENSION PLAN,UFCW LOCAL 592 PENSION PLAN,611755636,001,2024-12-01,WHITE PLAINS,,,53,0,20260820152139NAL0020715648001,25,16,0,
"LOCAL UNION NO. 466 PAINTERS, DECORATORS AND PAPERHANGERS PENSION PLAN",UNION & ASSOCIATION TRUSTEES OF LOCAL UNION NO 466 PENSION PLAN,146085295,001,2024-05-01,MENANDS,,,36,3,20260212091926NAL0000016882001,21,5,0,
ASSOCIATED SHOE INDUSTRIES BROTHERHOOD OF SHOE & ALLIED CRAFTSMEN PENSION TRUST,BOT ASSOCIATED SHOE INDUSTRIES BRTHRHD OF SHOE & ALLIED CRAFTSMEN,046243516,001,2025-01-01,WHITE PLAINS,AMALGAMATED,9143675964,15,0,20260918115311NAL0003442387001,5,0,0,
MINOR LEAGUE PLAYERS PENSION PLAN,OFFICE OF THE COMMISSIONER OF BASEBALL,131665347,010,2024-01-01,NEW YORK,,,8505,1394,20251014104800NAL0002561777001,3,12,1064102,5912
IRONWORKERS LOCAL NO. 6 RETIREMENT PLAN,BOARD OF TRUSTEES IRONWORKERS LOCAL NO. 6 RETIREMENT PLAN,872177114,001,2024-06-01,WEST SENECA,,,231,209,20251219083008NAL0006182401003,0,0,0,
CLUB EMPLOYEES PENSION FUND,BOARD OF TRUSTEES CLUB EMPLOYEES PENSION FUND,136188273,001,2024-01-01,NEW YORK,,,2947,0,20251015222129NAL0002922883002,0,0,6350055,
NATIONAL HOCKEY LEAGUE PLAYERS RETIREMENT BENEFIT PLAN,BENEFITS COMMITTEE OF THE NATIONAL HOCKEY LEAGUE RETIREMENT BENEFITS P,462555356,001,2024-05-01,NEW YORK,NATIONAL HOCKEY LEAGUE PENSION SOCIETY,5148411058,2261,1088,20260204105356NAL0003494145001,0,0,0,
